content,label
bagus,Positif
susah,Negatif
lemot,Negatif
lelet,Negatif
mantap,Positif
terlelet,Negatif
membantu,Positif
bantu,Positif
"Sudah lebih banyak kemajuan, gambar lebih jernih, proses login lebih mudah, hanya kendala upload daftar hadir memerlukan waktu yg sangat lama karna sinyal",Positif
baik,Positif
cepat ,Positif
akurat,Positif
kendala,Negatif
mendukung,Positif
sesuai,Netral
harapan,Positif
canggih,Positif
aman,Positif
bug,Negatif
peningkatan,Positif
ningkat,Positif
tingkat,Positif
lancar,Positif
kemajuan,Positif
mempermudah,Positif
mudah,Positif
jernih,Positif
sukses,Positif
buruk,Negatif
bapuk,Negatif
gagal,Negatif
buang,Negatif
kembangin,Positif
versi,Netral
login,Netral
otomatis,Netral
ijin ,Netral
petunjuk,Netral
oke,Netral
istimewa,Positif
stabil,Positif
steady,Positif
jelek,Negatif
Nyusahin,Negatif
berguna,Positif
ngelag,Negatif
ngeleg,Negatif
nyadet,Negatif
terkendala,Negatif
buram,Negatif
kemajuan,Positif
error,Negatif
goblok,Negatif
nyusahin,Negatif
susah,Negatif
salah,Negatif
keteteran,Negatif
Mempersulit,Negatif
memperlambat,Negatif
eror,Negatif
cacat,Negatif
lemah,Negatif
busuk,Negatif
gaguna,Negatif
Mantab,Negatif
curiga,Negatif
ajib ,Positif
repot,Negatif
burik,Negatif
ribet,Negatif
gampang,Positif
nyiksa,Negatif
macet,Negatif
mempersulit,Negatif
dikit,Negatif
keren,Positif
kren,Positif
kalah,Negatif
semoga,Positif
badut,Negatif
abal,Negatif
kesel,Negatif
bete,Negatif
gabisa,Negatif
down,Negatif
aneh,Negatif
lambat,Negatif
boros,Negatif
cerdas,Positif
efesien,Positif
"Aplikasi sudah berjalan lebih baik dari sebelumnya, walaupun terdapat sedikit kendala dalam unggah daftar hadir dikarenakan jaringan yang kurang baik, tapi keseluruhan sudah cukup baik",Positif
Alhamdulillah aplikasi dapat di gunakan dengan baik,Positif
saya sudah muak anjir,Negatif
aplikasi buruk banget,Negatif
"fuck deh lemot banget, percuma deh bikin apk gini",Negatif
aplikasi sudah baik tapi kalo boleh saran di perbaiki servernya,Netral
alhamdulillah aplikasi berjalan dengan sangat baik,Positif
saya menyukai aplikasi ini,Positif
aplikasi ini sudah keren dan akurat,Positif
"kenapa yah kok aplikasi nya sudah tidak dapat di gunakan lagi, padahal di email diarahkan mengunduh aplikasi ini?",Negatif
"Aplikasi sirekap cukup baik, sangat istimewa",Positif
"Saya sangat terbantu dengan fitur rekap otomatisnya, semua data langsung tersinkron dengan baik ke pusat.",Positif
Aplikasi ini sungguh membantu pekerjaan sirekap,Positif
"User interface-nya sangat ramah pengguna, bahkan petugas baru sekalipun bisa langsung mengoperasikan tanpa pelatihan lama.",Positif
Sirekap mudah di gunakan dan cukup stabil,Positif
"Sirekap ramah pengguna Ui nya, dan cukup stabil",Positif
Sirekap bisa diandalkan.,Positif
Sirekap cukup praktis,Positif
Sirekap cukup efisen dan modern,Positif
Sirekap sangat canggih!,Positif
Aplikasi ini tersinkronisasi dengan baik.,Positif
Aplikasi ini cukup fleksibel dan terkini,Positif
"Aplikasi ini sunggu interaktif, dan aman",Positif
saya rasa sirekap cukup reliable,Positif
"Setelah digunakan pada Pilkada kemarin, aplikasi ini cukup akurat dan transparan. Terima kasih, KPU.",Positif
Saya bangga menjadi warga Indoensia,Positif
Boleh lah aplikasi ini ,Positif
Saya rasa Sirekap cukup andal,Positif
Baikk tapi kedepannya lebih di sempurnakan lagi ya aplikasinya sebelum di pakai,Netral
"Aplikasi sirekap kemarin sudah berjalan dengan baik, terutama dalam scan hasil perhitungan sdh cukup baik walaupun masi perlu sedikit edit agar sesuai, lalu untuk upload daftar hadir juga butuh waktu yg cukup memakan waktu karna banyak nya dokumen yg di upload dan ada pengaruh dari sinyal",Netral
"Alhamdulillah Aplikasi dapat digunakan dengan baik, walaupun saat mengunggah daftar hadir perlu membutuhkan waktu tunggu yang lumayan, tapi berhasil ",Positif
"Aplikasi berjalan dengan cukup baik, walaupun pada saat scan C Hasil perlu edit, tapi keseluruhan sudah lumayan baik",Positif
Aplikasi sudah cukup berjalan baik walaupun ada yang perlu di edit dalam scan C hasil,Netral
"Aplikasi sudah berjalan lebih baik dari sebelumnya, walaupun terdapat sedikit kendala dalam unggah daftar hadir dikarenakan jaringan yang kurang baik, tapi keseluruhan sudah cukup baik",Positif
"Alhamdulillah Aplikasi berjalan cukup baik, hanya saja terdapat kendala ringan dalam scan C hasil dan juga unggah daftar hadir, dikarenakan banyak yang akses sehingga membutuhkan waktu yang cukup lama",Netral
buat versi lebih baikk,Netral
"sirekap ni sistemyang bagus, cermat dan cerdas, alangkah baiknya bisa di gunakan oleh user IPhon",Positif
Aplikasi bagus,Positif
Ok mantab,Positif
Bagus banget bjir wkwk,Positif
"Bagus kok aplikasinya, semoga besok lancar pas penggunaannya",Positif
Cukup baik,Netral
Sirekap untuk pilkada ini sangat membantu dikarenakan sistemnya lebih baik dan Minim terjadi trobel...jadi sangat membantu kpps dan pps dalam rekapitulasi di tingkat pps atau desa,Positif
Aplikasi Sirekap pada Pilkada tahun 2024 sudah cukup efisien dan membantu petugas KPPS dalam mengupload data yang dibutuhkan. ,Positif
Mudah diaplikasikan ,Positif
"Cukup baik, ada peningkatan untuk sirekap versi terbaru dan lebih baik dari sirekap PILPRES. ",Positif
sangat membantu perhitungan suara,Positif
Sangat terbantu sekali,Positif
Mudah di operasikan ,Positif
Aplikasi ini cukup baik dari pada saat pemilu ,Positif
"Alhamdulillah untuk aplikasi sirekap di pilkada lebih baik ketimbang Pemilu 2024, semoga di Pemilu 5 tahun kedepan lebih baik lagi",Positif
Alhamdulillah lancar penggunaannya,Positif
Sangat baik,Positif
Berjalan cukup lancar tanpa kendala yg berarti,Positif
Cukup baik selama proses scan tidak ada kendala seperti server down atau yang semacam nya,Positif
Mempermudah penghitungan cepat hasil pilkada 2024,Positif
Sangat membantu,Positif
Bisa digunakan dengan lancar,Positif
Sangat menyenangkan,Positif
Lumayan baik dari sebelumnya yang awalnya ribet jadi dipermudah,Positif
Sirekap cukup membantu di dalam proses perhitungan suara,Positif
Aplikasi sudah berjalan cukup baik dari sebelum nya,Positif
aplikasi sudah bagus,Positif
"Banyak penambahan fitur, terutama progres, sungguh sangat membantu di pilkada, semoga pemilu kedepan semakin canggih",Positif
Sejauh ini sudah baik,Positif
Untuk sirekap pilkada sudah lumayan baik sistemnya lancar ,Positif
Alhamdulillah untuk  SIREKAP  Pilkada sudah lebih baik dibandingkan saat Pilpres. Sebisa mungkin pada saat Pilkada jaringan difokuskan dalam pengguna Sirekap sehingga dalam pengiriman foto TDK terlalu terkendala pada jaringan. Terimakasih ,Positif
sangat luar biasa,Positif
"Banyak penambahan fitur, terutama progres, sungguh sangat membantu di pilkada, semoga pemilu kedepan semakin canggih ... tengkyu kpu",Positif
Good game,Positif
sangat membantu sekali,Positif
Pengalaman saya di pilkada 2024 yg kebetulan saya sendiri memegang sirekap Sangat bagus cepat dan akurat,Positif
Sangat membantu tugas KPPS dalam menghitung perolehan suara. Cuma kendala nya di sinyal kalau sinyal kurang mendukung ya tidak bisa unggah data,Positif
Untuk sekarang sirekap berjalan sesuai dengan yg di harapkan tidak pas waktu pemilu.. Semoga 5 tahun yg akan datang sirekap lebih baik pagi,Positif
Aman gak ada bug,Positif
"Testimoni dari kami TPS 01 Bago Tanggul... Mengenai Penggunaan aplikasi sirekap pilkada tahun 2024 cukup bagus ada peningkatan di bandingkan dengan Pilpres tahun 2024, mungkin ada kendala jaringan tetapi proses tetap berjalan dengan lancar",Positif
Alhamdulillah aplikasinya sudah lebih lancar dan digunakan saat hari pemungutan suara lancar tanpa ada kendala sama sekali. Good KPU sudah berbenah dari masalah Pemilu kemarin,Positif
"Jamal Dr TPS 1 Loktabat Selatan, Banjarbaru. Aplikasi ny berjalan dengan baik dan lancar. Terima kasih sdh mempermudah kami sebagai KPPS dalam melaksanakan pilkada thn ini.",Positif
"Sudah lebih banyak kemajuan, gambar lebih jernih, proses login lebih mudah, hanya kendala upload daftar hadir memerlukan waktu yg sangat lama...",Positif
Pilkada kemarin sangat Luar biasa,Positif
Sukses selalu,Positif
Bagus banget,Positif
Mantap ğŸ‘,Positif
"Ganti dari bintang 1 ke bintang 4 karena banyak perkembangan di aplikasi ini, pas pemilu kemarin jelek bgt banyak kendala tapi di pilkada kali ini udah bagus aplikasi lancar paling beberapa kali gagal upload berkas tapi masih bisa di atasi, semoga pemilu selanjutnya makin bagus dan gak usah ganti dan buat aplikasi baru buang buang anggaran, pertahanin yang ini dan kembangin biar makin mudah aja",Positif
"Istimewa beritanya, jelas dan akurat",Positif
Sangat membantu dan mudah di gunakan.,Positif
Bismillah lancar,Positif
"Selama Bimtek dan Produjinasional2 sih aman tapi gatau nanti pas scan setelah penghitungan suara bakal bisa apa enggak, semoga aja bisa dan lancar.",Netral
saya iqba bagus baget wak :v,Positif
"Banyak penambahan fitur, terutama progres, sungguh sangat membantu di pilkada, semoga pemilu kedepan semakin canggih ... tengkyu kpu",Positif
Good game,Positif
sangat membantu sekali,Positif
Pengalaman saya di pilkada 2024 yg kebetulan saya sendiri memegang sirekap Sangat bagus cepat dan akurat,Positif
ğŸ‘,Positif
Alhamdulillah aplikasinya sudah lebih lancar dan digunakan saat hari pemungutan suara lancar tanpa ada kendala sama sekali. Good KPU sudah berbenah dari masalah Pemilu kemarin,Positif
Pilkada kemarin sangat Luar biasa,Positif
Bagus banget,Positif
Mantap ğŸ‘,Positif
Terima kasih sudah membantu saya,Positif
Sebelum nya lancar lancar aja tidak ada kendali tapi setelah hari H mau unggah yg pdf nya gagal terus,Positif
"Istimewa beritanya, jelas dan akurat",Positif
Good,Positif
Smg bermanfaat,Positif
Sangat membantu dan mudah di gunakan.,Positif
Bismillah lancar,Positif
Versi baru lebih gampang membaca angka,Positif
Sangat membantu suatu pekerjaan,Positif
Membantu kita saat pemilu,Positif
Aplikasi yang sangay bagus sekali.. minim kecurangan... mantap prabowo,Positif
Mantap dan sukses Pilgub dan pilkada 2024,Positif
Sirekap praktis ekonomis,Positif
cukup mudah digunakan semoga tdk ada kendala pada hari H,Positif
"Akurat, Cepat, terpercaya",Positif
Sangat membantu dalam menyelesaikan sirekap,Positif
"Terbaik, dan terpercaya, sukses selalu KPU",Positif
aplikasi berjalan normal di jaringan yang stabil.,Positif
Aplikasi yang sangat membantu kpu,Positif
Sanagat membantu pekerjaan kami sebagai seorang sirekaa,Positif
Sirekap bisa di andalkan,Positif
Sirekap cukup praktis,Positif
Sirekap cukup efisen dan modern,Positif
Sirekap canggih woe,Positif
Aplikais ini cukup fleksibel dan terkini,Positif
"Aplikasi ini sunggu interaktif, dan aman",Positif
saya rasa sirekap cukup reliable,Positif
"setelah penggunaan kemarin pilkada aplikasi ini cukup akurat. dan transparan, terimakasi KPU",Positif
Saya bangga menjadi warga Indoensia,Positif
Boleh lah aplikasi ini ,Positif
Sirekap bisa di andalkan,Positif
Sirekap cukup praktis,Positif
Sirekap cukup efisen dan modern,Positif
Sirekap canggih woe,Positif
Aplikais ini cukup fleksibel dan terkini,Positif
"Aplikasi ini sunggu interaktif, dan aman",Positif
saya rasa sirekap cukup reliable,Positif
"setelah penggunaan kemarin pilkada aplikasi ini cukup akurat. dan transparan, terimakasi KPU",Positif
Saya bangga menjadi warga Indoensia,Positif
"Mudah2 dilancarkan pekerjaannya, Aamiin",Positif
Mempermudah rekapitulasi,Positif
Keren ..semoga pada hari H tidak menemui kendala semoga berjalan dengan lancar,Positif
Ganti versi dari 2.71 jadi 2.73 lumayan uga ya,Positif
Semoga aplikasi nya tidak bermasalah dan terjadi Server Maintenance,Netral
Alhamdulillah sdh bisa langsung login.. Semoga hari H nanti tidak gangguan... ğŸ‘ğŸ‘,Positif
ğŸ”¥,Positif
"Alhamdulillah lancar untuk bimtek dan upload berkas sirekap. semoga aman lancar jaya aplikasinya sampai pilkada selesai, Aamiin",Positif
Semoga jaya KPU Semoga lancar d hari H Aamiin,Positif
"Mudah""an pas hari H lancar tidak ada kendala",Netral
Smoga lancar Amin,Netral
Alhamdulillah lancar,Positif
moga saja lancar tanpa kendala sampai hari H,Netral
Sangat membantu sekali apk iniğŸ‘,Positif
"Kelaz menyala sirekap, pemerintah harus seperti ini sangat baik dan kerenğŸ”¥ğŸ”¥",Positif
Sanagat luar biasa,Positif
Mudah2an lancar pas hari H,Netral
Mantap..!!!,Positif
"Binta sudah menjelaskan semuanya, betapa ""bagusnya""",Positif
"Saya bangga menggunakan sirekap, karna aplikais ini buatan anak bangsa",Positif
"Semua berjalan dengan baik dan akurat, terbaiklah sirekap",Positif
Untuk versi terbaru sangat lh bagus dan menolong pengguna sirekap,Positif
luar biasa aplikasinya,Positif
"Mudah digunakan oleh berbagai kalangan umur, tidak ada kendala saat masuk, dengan memakai teknologi terbaru semua jenis smartphone bisa mengaksesnya, saran kedepannya ada fitur akses barcode juga",Positif
"""Baru kali ini lihat hasil rekap suara secepat ini. Terima kasih SIREKAP, petugas TPS juga jadi lebih ringan kerjanya!""",Positif
andal lah aplikasi ini,Positif
"""Fitur scanning formulirnya sangat membantu! Gak perlu ribet nulis manual, tinggal scan dan selesai. Teknologi yang luar biasa untuk demokrasi kita.""",Positif
"""Salut buat KPU dan tim IT-nya! SIREKAP benar-benar meningkatkan kepercayaan masyarakat terhadap hasil pilkada. Semoga terus ditingkatkan!""",Positif
Terimakasih,Positif
Apk nya bagus kok,Positif
Semoga lancar,Netral
Aplikasi telah di update jadi saya ganti rating,Positif
Kenapa susah cocok permintaan pasword dg yg kita kirimkan,Negatif
Aplikasinya sangat bagus dan mudah di akses,Positif
Mantaaaappp keren,Positif
Akun ini sangat membantu penyelenggara dalam perhitungan suara.,Positif
Work it,Positif
jos gandos. seneng bareng,Positif
ğŸ‘ğŸ™,Positif
Like,Positif
Semoga lancar di hari H nanti,Netral
Cukup bagus,Positif
nice,Positif
Oke banget,Positif
Lebih muda di mengertiâœ…,Positif
Denga Bisnia Akun,Netral
The best,Positif
Semoga lancar jaya,Netral
"Tak kasih bintang lima, semoga clurut clurut",Positif
Sukses dan maju,Positif
Sudah bisa login,Positif
"Sangat bermanfaat,semoga lancar pas hari H - nya",Positif
terlengkap,Positif
Lebih aman,Positif
"Ver 2.73 menggantikan file .apk ver 2.71. Bisa langsung masuk. Mudah2an lancar digunakan pada saat hari H tdk seperti pada saat pilpres/pileg, sehingga jadi celah untuk ""diserang"" oleh berbagai pihak",Positif
"terima kasih atas kerja kerasnya dalam membuat aplikasi ini, persiapan besok bimtek jadi bisa tenang.",Positif
Mungkin suka,Netral
Semoga baik,Netral
"""Rekap tak lagi manualâ€”selamat datang masa depan.""",Positif
terimakasi sirekap dan KPU pilkada 2024 lancar,Positif
"""Setiap suara berarti, dan SIREKAP menjaganya.""",Positif
enjoy brooo,Positif
"""Efisiensi bukan sekadar janji, tapi kenyataan.""",Positif
Si ketua tersenyum melihat in,Netral
"""SIREKAP mempersempit celah manipulasi data.""",Positif
sekian cukup baik,Positif
"""Teknologi pintar untuk pemilu yang bermartabat.",Positif
Cukup akurat si,Positif
keren dan josss,Positif
"SIREKAP keren banget! Proses rekap suara jadi transparan dan bisa dipantau langsung. Pemilu sekarang makin modern dan terbuka. ğŸ‘ğŸ‡®ğŸ‡©""",Positif
"""Baru kali ini lihat hasil rekap suara secepat ini. Terima kasih SIREKAP, petugas TPS juga jadi lebih ringan kerjanya!""",Positif
andal lah aplikasi ini,Positif
"""Fitur scanning formulirnya sangat membantu! Gak perlu ribet nulis manual, tinggal scan dan selesai. Teknologi yang luar biasa untuk demokrasi kita.""",Positif
"""Salut buat KPU dan tim IT-nya! SIREKAP benar-benar meningkatkan kepercayaan masyarakat terhadap hasil pilkada. Semoga terus ditingkatkan!""",Positif
"""Dulu suka bingung kapan rekap selesai. Sekarang semua serba cepat dan bisa dipantau online. Pemilu jadi makin transparan!",Positif
"""Dengan adanya SIREKAP, waktu penghitungan suara jadi jauh lebih cepat dibanding metode manual.""",Positif
"""Terima kasih atas pengembangan aplikasinya. Kami di lapangan merasa sangat terbantu, terutama dengan fitur verifikasi otomatis.""",Positif
"""Selama saya bertugas, aplikasi ini sangat responsif. Tidak ada crash atau lag yang menghambat pekerjaan.""",Positif
"""Penggunaan SIREKAP membuat pelaporan hasil suara lebih akurat dan terdokumentasi dengan baik.""",Positif
"""Secara keseluruhan, aplikasi SIREKAP sukses membantu pelaksanaan Pilkada 2024 jadi lebih modern dan efisien.",Positif
SIREKAP mempermudah KPPS karena minim error saat pengunggahan. Semoga terus dikembangkan.,Positif
SIREKAP mempermudah KPPS karena integrasi datanya cukup baik. Mudah digunakan bahkan oleh pemula.,Positif
Kinerja SIREKAP tahun ini patut diapresiasi karena integrasi datanya cukup baik. Mudah digunakan bahkan oleh pemula.,Positif
Aplikasi ini sangat inovatif karena mampu memindai dokumen dengan akurat. Fitur-fiturnya semakin baik dibanding versi sebelumnya.,Positif
Fitur-fitur dalam SIREKAP sangat berguna dalam menjaga transparansi hasil Pilkada. Layak jadi standar baru pelaporan suara.,Positif
SIREKAP memudahkan proses rekapitulasi untuk membantu petugas menginput data. Petugas merasa sangat terbantu.,Positif
Penggunaan SIREKAP pada Pilkada 2024 sangat efektif karena tampilannya user-friendly. Layak jadi standar baru pelaporan suara.,Positif
Aplikasi SIREKAP sangat membantu karena bisa diakses dengan lancar di banyak perangkat. Sudah jauh lebih baik dibanding pemilu sebelumnya.,Positif
SIREKAP mempermudah KPPS karena sangat stabil dan cepat. Hasil rekap lebih akurat dan efisien,Positif
Aplikasi SIREKAP sangat membantu,Positif
SIREKAP memudahkan proses rekapitulasi,Positif
Penggunaan SIREKAP pada Pilkada 2024 sangat efektif,Positif
Sistem aplikasi berjalan lancar,Positif
Fitur-fitur dalam SIREKAP sangat berguna,Positif
Aplikasi ini sangat inovatif,Positif
SIREKAP mempermudah KPPS,Positif
Kinerja SIREKAP tahun ini patut diapresiasi,Positif
Terima kasih atas aplikasi SIREKAP,Positif
Pengalaman menggunakan SIREKAP sangat memuaskan,Positif
Aplikasi ini untuk membantu petugas menginput data,Positif
Sirekap ini mampu memindai dokumen dengan akurat,Positif
Aplikasi ini  minim error saat pengunggahan,Positif
"Aplikasi SIREKAP sangat memudahkan dalam memantau hasil suara secara real-time, tampilannya juga bersih dan mudah dipahami",Positif
"Proses upload data di aplikasi ini cepat dan responsif, sangat mendukung kerja petugas di lapangan.",Positif
Apik wes aplikasi in,Positif
"Dengan SIREKAP, semua dokumen bisa terdokumentasi dengan rapi dan aman. Sangat berguna dalam menjaga validitas data.",Positif
Muantab wes Sirekap,Positif
Fitur pemindaian otomatis sangat akurat dan mengurangi kesalahan input. Ini membantu mempercepat proses verifikasi.,Positif
Joss mantab banget sirekap,Positif
"Selama Pilkada 2024, aplikasi ini terbukti stabil walau diakses oleh banyak pengguna secara bersamaan.",Positif
Saya sangat menyukai aplikasi ini karna cermat,Positif
Kehadiran aplikasi SIREKAP membuat proses pelaporan jadi paperless dan efisien. Cocok untuk sistem digital masa kini.,Positif
"Aplikasi sirekap cukup baik, sangat istimewa",Positif
"Saya sangat terbantu dengan fitur rekap otomatisnya, semua data langsung tersinkron dengan baik ke pusat.",Positif
Aplikasi ini sungguh membantu pekerjaan sirekap,Positif
"User interface-nya sangat ramah pengguna, bahkan petugas baru sekalipun bisa langsung mengoperasikan tanpa pelatihan lama.",Positif
Sangat bermanfaat,Positif
Aplikasi ini menjawab tantangan efisiensi waktu dan akurasi dalam perhitungan suara. Sangat direkomendasikan!,Positif
Alhamdulillah aplikasi ini lancar,Positif
SIREKAP membantu menciptakan pemilu yang lebih transparan dan modern. Inovasi yang patut diapresiasi.,Positif
Jos banget wes manteb sirekap,Positif
"Saya sangat bangga dengan aplikasi ini, karna berdesikasi baik untuk negeri",Positif
"Saya bangga dengan developer ini, bagus seklai aplikasli nya",Positif
Maju terus Negriku,Positif
Aplikasi yg membantu perhitungan suara pada pilkada serentak tahun 2024,Positif
ğŸ˜ğŸ˜ğŸ˜,Positif
Sangat baik,Positif
Akurat dalam membaca data,Positif
Kenapa Versi 2.41 tidak dapat tambahkan foto daftar hadir dan foto kejadian khsusu,Negatif
Mantap versi terakhir bisa d gunakan,Positif
SANGAT MEMBANTU KPPS!,Positif
Bagus banget,Positif
sangat membantu,Positif
terbaik terima kasih,Positif
sangat ok dan andalan,Positif
Punya saya alhamdulillah aman2 saja,Positif
Aplikasi yang sangay bagus sekali.. minim kecurangan... mantap prabowo,Positif
Mantap dan sukses Pilgub dan pilkada 2024,Positif
Sirekap praktis ekonomis,Positif
Biarkan bintang yang menilai ğŸ‘,Netral
Sangat memuaskan,Positif
Sistem ini sudah cukup baik dari sistem yang ada di pemilu presiden kemarin,Positif
"Alhamdullih aplikasinya ada kemajuan,,,aman terkendali sekaranv mah",Positif
Sirekap untuk pilkada ini sangat membantu dikarenakan sistemnya lebih baik dan Minim terjadi trobel...jadi sangat membantu kpps dan pps dalam rekapitulasi di tingkat pps atau desa,Positif
Aplikasi Sirekap pada Pilkada tahun 2024 sudah cukup efisien dan membantu petugas KPPS dalam mengupload data yang dibutuhkan. ,Positif
Mudah diaplikasikan ,Positif
"Cukup baik, ada peningkatan untuk sirekap versi terbaru dan lebih baik dari sirekap PILPRES. ",Positif
sangat membantu perhitungan suara,Positif
Sangat terbantu sekali,Positif
Mudah di operasikan ,Positif
Instalasi aplikasi berjalan lancar.,Positif
Instalasi aplikasi berjalan lancar.,Positif
Aplikasi berjalan sesuai fungsinya.,Positif
Aplikasinya sangat membantu dalam rekap suara.,Positif
Desain antarmukanya simpel dan mudah dipahami.,Positif
Proses input data cepat dan efisien.,Positif
Membantu transparansi dalam pemilu.,Positif
SIREKAP mempermudah tugas KPPS di lapangan.,Positif
Hasil rekap bisa langsung dilihat secara real-time.,Positif
Fitur OCR-nya sangat akurat.,Positif
Sistemnya stabil dan jarang crash.,Positif
Membantu mempercepat pengiriman data ke KPU.,Positif
Cocok untuk pemilu era digital.,Positif
Aplikasinya ringan dan tidak memakan banyak memori.,Positif
Bisa digunakan dengan lancar meski sinyal lemah.,Positif
Penggunaan pertama langsung bisa tanpa pelatihan rumit.,Positif
Hemat waktu dalam proses rekapitulasi suara.,Positif
Interface-nya bersih dan profesional.,Positif
Proses verifikasi data sangat terbantu.,Positif
Aplikasi ini benar-benar inovatif.,Positif
SIREKAP membuat sistem pemilu lebih terbuka.,Positif
Petugas lapangan jadi lebih terbantu.,Positif
Langkah maju dalam pemilu yang jujur.,Positif
Membantu menghindari kesalahan rekap manual.,Positif
Respons aplikasinya cepat.,Positif
Pendaftaran dan login mudah.,Positif
Integrasi data sangat lancar.,Positif
Otomatisasi rekap sangat mengurangi beban kerja.,Positif
Ada fitur koreksi jika OCR salah baca.,Positif
Laporan bisa langsung dibagikan ke pusat.,Positif
Aplikasinya responsif di berbagai ukuran layar.,Positif
Sangat berguna untuk pemantauan hasil suara.,Positif
Memberikan rasa percaya diri kepada petugas.,Positif
Dokumentasi lengkap dan mudah diakses.,Positif
Aman digunakan karena ada autentikasi.,Positif
Tampilan hasil suara sangat jelas.,Positif
SIREKAP memudahkan publik memantau pemilu.,Positif
Membantu menjaga kepercayaan masyarakat.,Positif
Bisa digunakan offline lalu sinkron otomatis.,Positif
Laporan bisa langsung diekspor.,Positif
Dukungan teknis cepat dan responsif.,Positif
Bisa langsung ambil gambar formulir.,Positif
Data tersimpan otomatis.,Positif
Banyak tutorial tersedia.,Positif
Cocok untuk semua level pengguna.,Positif
Membantu percepat proses demokrasi.,Positif
"Satu aplikasi, banyak solusi.",Positif
SIREKAP membawa efisiensi nyata.,Positif
Tidak butuh pelatihan khusus.,Positif
UI sangat ramah pengguna.,Positif
Proses rekap jadi lebih transparan.,Positif
Tersedia dalam beberapa bahasa.,Positif
Formulir bisa langsung dikenali dengan OCR.,Positif
Kompresi gambar otomatis untuk hemat data.,Positif
Bisa bekerja di perangkat low-end.,Positif
Navigasi antar menu mudah.,Positif
Integrasi dengan server pusat cepat.,Positif
Pengawasan bisa dilakukan secara digital.,Positif
Terlindungi dengan enkripsi data.,Positif
Bisa digunakan dalam skala nasional.,Positif
Desain modern dan intuitif.,Positif
Meningkatkan akuntabilitas pemilu.,Positif
Tersedia petunjuk penggunaan langsung di aplikasi.,Positif
Tidak ada iklan yang mengganggu.,Positif
Membantu kerja penyelenggara pemilu.,Positif
Lebih baik dari cara manual.,Positif
"Bisa diakses kapan saja, di mana saja.",Positif
Tidak perlu alat tambahan.,Positif
Aplikasi ini patut diapresiasi.,Positif
Mempermudah pengawasan suara.,Positif
Sangat berguna di daerah terpencil.,Positif
Data tersimpan otomatis dan aman.,Positif
Bisa diandalkan saat kondisi darurat.,Positif
Proses upload sangat cepat.,Positif
Mendukung integrasi sistem nasional.,Positif
Wajib dipakai di semua TPS.,Positif
Menurunkan beban kerja petugas.,Positif
Aplikasi ini bukti digitalisasi yang sukses.,Positif
Bisa dipakai tanpa pelatihan khusus.,Positif
Tidak butuh banyak data untuk sinkronisasi.,Positif
Berfungsi baik di HP jadul sekalipun.,Positif
OCR-nya sangat cerdas.,Positif
Aplikasi ini luar biasa!,Positif
Sangat direkomendasikan untuk pemilu berikutnya.,Positif
Petugas bisa langsung belajar dari aplikasi.,Positif
Sistem upload dan validasinya cepat.,Positif
Bisa bantu validasi silang dengan manual.,Positif
Memperkuat proses demokrasi digital.,Positif
Data terenkripsi dengan baik.,Positif
Hasil rekap bisa dibagikan instan.,Positif
Ringan dan cepat diakses.,Positif
Tidak boros baterai.,Positif
Cocok untuk semua daerah.,Positif
Pemerintah harus terus kembangkan ini.,Positif
Aplikasi terbaik untuk pemilu digital.,Positif
Mempermudah kerja pengawas dan saksi.,Positif
Formulir terbaca dengan sangat baik.,Positif
Praktis dan efisien digunakan.,Positif
Harus jadi standar nasional rekapitulasi suara.,Positif
OCR-nya sangat cerdas.,Positif
Aplikasi ini luar biasa!,Positif
Sangat direkomendasikan untuk pemilu berikutnya.,Positif
Petugas bisa langsung belajar dari aplikasi.,Positif
Sistem upload dan validasinya cepat.,Positif
Bisa bantu validasi silang dengan manual.,Positif
Memperkuat proses demokrasi digital.,Positif
Data terenkripsi dengan baik.,Positif
Hasil rekap bisa dibagikan instan.,Positif
Ringan dan cepat diakses.,Positif
Cocok untuk semua daerah.,Positif
Pemerintah harus terus kembangkan ini.,Positif
Aplikasi terbaik untuk pemilu digital.,Positif
Mempermudah kerja pengawas dan saksi.,Positif
Formulir terbaca dengan sangat baik.,Positif
Praktis dan efisien digunakan.,Positif
Harus jadi standar nasional rekapitulasi suara.,Positif
Aplikasi SIREKAP sangat membantu dalam mempercepat proses rekapitulasi suara. Prosesnya jadi lebih efisien dan transparan,Positif
"Tampilan aplikasi mudah dipahami, petugas KPPS jadi lebih terbantu dalam menginput data hasil penghitungan suara.""",Positif
Saya sangat menyukai aplikasi ini karna cermat,Positif
Kehadiran aplikasi SIREKAP membuat proses pelaporan jadi paperless dan efisien. Cocok untuk sistem digital masa kini.,Positif
"Aplikasi sirekap cukup baik, sangat istimewa",Positif
"Saya sangat terbantu dengan fitur rekap otomatisnya, semua data langsung tersinkron dengan baik ke pusat.",Positif
Aplikasi ini sungguh membantu pekerjaan sirekap,Positif
Sirekap mudah di gunakan dan cukup stabil,Positif
"Sirekap ramah pengguna Ui nya, dan cukup stabil",Positif
Sirekap bisa di andalkan,Positif
Sirekap cukup praktis,Positif
Sirekap cukup efisen dan modern,Positif
Sirekap canggih woe,Positif
Aplikais ini cukup fleksibel dan terkini,Positif
"Aplikasi ini sunggu interaktif, dan aman",Positif
saya rasa sirekap cukup reliable,Positif
"setelah penggunaan kemarin pilkada aplikasi ini cukup akurat. dan transparan, terimakasi KPU",Positif
Saya bangga menjadi warga Indoensia,Positif
Boleh lah aplikasi ini ,Netral
Inovatif,Positif
Elegan,Positif
Estetis,Positif
Terintegrasi,Positif
Intuitif,Positif
Tepat guna,Positif
Solutif,Positif
Konsisten,Positif
Terorganisir,Positif
Ramah pengguna,Positif
Optimal,Positif
Tersinkronisasi,Positif
Menarik,Positif
Modern,Positif
Profesional,Positif
Relevan,Positif
Reliable,Positif
Adaptif,Positif
Bersih (UI/UX),Positif
Interaktif,Positif
Cepat install,Positif
Skalabel,Positif
Customizable,Positif
Produktif,Positif
Membantu pekerjaan,Positif
Sesuai harapan,Positif
Respons developer baik,Positif
Tampilan enak dilihat,Positif
ribut,Negatif
Responsif,Positif
User-friendly,Positif
fungsional,Positif
bermanfaat,Positif
efisien,Positif
sempurna,Positif
komplit,Positif
lengkap,Positif
update-nya bagus,Positif
top,Positif
rekomended,Positif
andalan,Positif
work-well,Positif
lancar,Positif
cepat tanggap,Positif
Customizable,Positif
Adaptif,Positif
"Banyak penambahan fitur, terutama progres, sungguh sangat membantu di pilkada, semoga pemilu kedepan semakin canggih ... tengkyu kpu",Positif
"Tidak bisa unggah berkas, setiap diunggah malah keluar terus",Negatif
"Min tolong punya saya, tinggal upload berkas daftar hadir, tapi saya tinggal sampai sekarang udah 13 jam masih belum bisa juga di upload, tampilan tetap sama dengan saya terakhir upload, udah saya coba pakai WiFi & Data tapi juga belum bisa Penyimpanan saya juga masih 10gb Tolong min di perbaikiğŸ™ğŸ½ğŸ™ğŸ½",Negatif
"aplikasi kontol nyusahin kpps, developer TOLOL",Negatif
selalu menyusahkan yg bawah,Negatif
Aplikasi nya Bapuk..!!!,Negatif
"Eh tolong dong susah banget ini mau Upload, kenapa ya sekali gagal itu gak bisa lagi. Sudah banget padhal misalkan upload Dokumen lain itu bisa.",Negatif
wadalah ada error. reinstall APP malah dari 0 lagi ğŸ—¿ğŸ—¿ blok... padahal udh di kunci dan dikirim semua berkasnya. tinggal dibagian absen dptnya saja yang error. asli malah nyusahin ngent,Negatif
"Tolong benahi kinerja sistemnya dulu, jangan kayak proyek yang sifatnya yang penting jadi, masa iya sebelum2 tahun pemilu atau pilkada persiapannya gitu2 aja buat aplikasi ini apalagi nanti 2029 wkwkw buat kunci dan upload aja lama",Negatif
"Tidak ada perubahan, selalu salah membaca angka, server selalu keteteran, niatnya mempermudah & mempercepat tapi malah mempersulit",Negatif
"Kagak jelas,keseringan gagal upload file daftar hadir sampe nyoba 25 kali",Negatif
"tolong dong di perbagus lagii , saya mau unggah daftar hadir susah banget",Negatif
"mau upload daftar hadir susah amat, gagal mulu, malah memperlambat pekerjaan, segini doang nih aplikasi dr APBN?!!",Negatif
"Aplikasi bapuk banyak bug saat pengambilan photo selalu ngelag, kemudian ketika sudah beres semua gak bisa upload pdf minimal setelah update lebih bagus ini malah lebih burukğŸ˜«ğŸ‘ğŸ‘",Negatif
Pas hari H nya unggah data daftar hadir tidak bisa error muluğŸ˜¥,Negatif
Aplikasi cacat,Negatif
Apk mempersulit tidak mempermudah,Negatif
Banyak bug,Negatif
Apk ga jelas ngunggah aja lama . Lemah,Negatif
Gagal terus,Negatif
Saya rasa di mohon untuk evaluasi terkait sirekap.jangan mempersulit kita.sistem sama saja seperti pilper. Tidak ada pembenahan sama sekali. Terkendala di upload daftar hadir nyiksa. Antal antalan,Negatif
"Aplikasinya macet. Penyimpanan banyak, sinyal full kuota besar. Tetep mandeg di submit",Negatif
Apk badut tidak bisa di andalkan mending di tiadakan saja,Negatif
Aplikasi ngeleg buka camera ngelag masa kalah ama hp samsung j2prime,Negatif
bikin susah,Negatif
Klo udah di kunci ga bisa di Edit tiap bimtek harus hapus data APK KAYA GINI DI PAKE SAMA NEGARA_ BUKAN NYA DI PERMUDAH DI PERSULIT,Negatif
"Aplikasi ngak ngotak, masuk aja susahğŸ‘",Negatif
TOLONG LAH . SEKELAS PEMERINTAH MEMBUAT APLIKASI JANGAN ABAL ABAL. SERVER SERING DOWN. ANGGARAN KALIAN CUKUP BESAR.,Negatif
"Masih banyak masalah, hari ini (minggu)yang seharusnya buat cek ,dan memakai sesi produjinasional2,malah ndak bisa masuk",Negatif
Aplikasi yang sangat kutng berguna dan menambah beban fikiran saja.. Sistrmmasih bobrok pembacaan angka sangat amat tidk mumpuni .. Hapuskan sitekap,Negatif
Diuji teros gak gedein alokasi servernya malah capek jadi kpps sirekap suruh uji teros,Negatif
"Semua lancar jaya, tapi pas mau dibikin pdf selalu muncul "" sesi waktu sdh habis "" dan balik ke awal masukan email dll.gitu aja terus sampe ike nurjanah ngeluarin album baru",Negatif
Gak bisa update,Negatif
Apalah apk negara kok erorÂ² mulu,Negatif
Buat kamera lelet bgt. Tolong di perbaiki agar mempermudah kita dalam bekerja,Negatif
Tidak bisa di update,Negatif
Kenapa saya tidak masuk terus menerus kata sandi salah,Negatif
Terdapat kendala berkaitan dengan error sistem,Negatif
"Hai dev, tolong perhatikan kita dipelosok indonesia timur yang koneksi internetnya tidak memadai ini juga donk!! kalau aplikasi ini anda pasangi TIMEOUT ya otomatis saat hari H kita tidak akan bisa bekerja",Negatif
Ribet kebanyakan ganti-ganti profil jadi bermasalah apk nya ğŸ‘,Negatif
Apa ada Cara untuk Mereset password. Ada beberapa pengguna sirekap Lupa password nya untuk login,Negatif
g bisa buat update....,Negatif
"cuman berhenti di submit, gak bisa masuk lebih lanjut",Negatif
ga bisa submit terus,Negatif
Butut,Negatif
Kenapa apk ini tidak tidak bisa terpasang setelah diupdate,Negatif
Aplikasi kalo foto tidak membaca kemudian ditimpa foto malah angka semakin error. Banyak temen temen kpps mengelu banyak uji coba sementara biaya untuk kuota dan oprasional tidak ada. Dengan gaji kpps yang sedikit dirasa mereka rugi mingkin. Makanya banyam mengeluh tentang uji coba yang tetlalu banyak.,Negatif
GK bisa di update v 2.73,Negatif
"Gk bisa di update, di download pun gk bisa",Negatif
Sering error,Negatif
Agar di permudah untuk login,Negatif
hadeuh nyusahin aja. sampai riset hp udh ngelakuin cara ini itu ttep gbisa login. untuk kedepan saran jangan pake sirekap aja. kalo nyusahin buat apa ? mending kek dulu manual aja udah kalo mau pake aplikasi jangan sampai pake tangan buat isi kertas. apk apk kertas ya kertas,Negatif
Gusti apk macam apa ini gustiiii,Negatif
Pake ini bikin pusing tujuh keliling karna sistem,Negatif
Aplikasi ini setidaknya dibuat oleh orang orang berpengalaman dan ahli dibidangnya...tp baru lupa pasword aja..sudah kesulitan cari solusinya.,Negatif
GX bisa submit,Negatif
"Aplikasi nya ya ampun gimana mau maju negara kalo kayak gini tolong lah apk nya di perbaiki lagi masak gak bisa berfungsi gagal Mulu ngirim data ,,",Negatif
Aplikasinya gini amat ya??? Macetnya minta ampun,Negatif
"Sudah berkali kali nyoba buat login gak bisa"" uninstal berkali"" pun tetep hasile sama gak bisa masuk lagi. Udah masuk tinggal submit gak bisa diklik",Negatif
"Gak bisa di akses. Sudah donwload mau login eh stuck di submit mulu, udah hapus cache, udah uninstall brapa kali trus donwload lagi ttap saja bgitu",Negatif
"Pasword invalid terus, padahal sudah save otomatis, ketik ulang juga masih invalid, tolong di jawab email saya min",Negatif
Bikin pusing di utak atik terus,Negatif
"Memang dari segi proses lebih cepat dari sebelumnya. Tapi waktu ngepas foto kertas masih lemot banget sinkronisasi nya. Jadi sulit untuk ngepas batas garis sama kodenya, harus ngulang beberapa kali.",Negatif
"Uji coba aja udah bikin pusing. Photo harus kotak kecil berwarna hijau. Sudah hijau, eh masih g bisa juga. Nyoba sampe 10x lebih hasilnya sama aja. Gimana ntr pas pilkada sama pilgub.",Negatif
loading huhhhh,Negatif
Tidak dapat di update,Negatif
Knpa aplikasih sudah tidak dapat di gunakan lagi ini,Negatif
Moal Baleg Deui wae ieu mah,Negatif
â˜¹ï¸ğŸ‘,Negatif
"Banyaj BUG,,,,",Negatif
Kualitas sangat kurang sekali,Negatif
Sangat lemod,Negatif
APLIKASI VERSI INI SUDAH TIDAK DAPAT DIGUNAKAN,Negatif
Tidak bisa kunci data pada device Xiaomi pad 6,Negatif
ğŸ¤¦,Negatif
Aplikasi sampah,Negatif
"""Aplikasi versi ini sudah tidak dapat digunakan"", terakhir update Januari, ini udh mau dipakai buat simulasi, so...",Negatif
G usah pake aplikasi sirekap kalau aplikasinya kayak gini trus.. Merepotkan,Negatif
"Aplikasi belum siap kok sudah suruh download,",Negatif
Aplikasinya oyoh ğŸ™ƒ,Negatif
Lebih lambat dari siput,Negatif
Aplikasi sudah tidak dapat digunakan..,Negatif
Ancurrrrrrrrrrr,Negatif
Server lambat,Negatif
"Behh kasus men , sama smua masalahnya",Negatif
"sirekap kapan sih siapnya bisa digunakan? pengalaman pemilu masih kurang kah buat berbenah jadi lebih baik performanya, baru di install masa gak bisa digunakan",Negatif
Susah ga bisa login password salah terus,Negatif
Baru di download aplikasi versi ini tidak dapat digunakan.,Negatif
Apk nya tidak bisa di akses,Negatif
"Aplikasine ora jelas,",Negatif
"Baru review setelah sekian lama, baru ingat buat ngasih tau kalau aplikasinya jelek",Negatif
"Aplikasi tidak bisa dibuka, siaÂ² pemerintah menggelontorkan dana begitu besar hanya untuk pembuatan aplikasi macam ini.",Negatif
Kualitas buruk,Negatif
Kurang memadai,Negatif
Tidak bisa login walaupun password dan email dan kata sandi yg d simpan TDK bisa d gunakan,Negatif
Butuh kalai,Negatif
"Kenapa harus ada iklan. Seharusnya ,tidak ada iklan. Sangat mengggu aktifasi pekerjaan.",Negatif
Aplikasi payahğŸ¤¦ğŸ¼â€â™‚ï¸,Negatif
Sampah,Negatif
Tidak bisa d'akses,Negatif
"Tujuan suatu aplikasi akan memberikan kemudahan langkah kerja bagi pengguna, kenapa hrs mengedit hasil conversi ?? Akan menambah mumet petugas KPPS yg dipacu waktu kejar tayang",Negatif
"Ini aplikasi bukan untuk membantu, tapi buat memori kita habis dan pada akhirnya beli hp lagiğŸ˜‚ğŸ˜‚ğŸ˜‚",Negatif
"web maker tolol , buat apk kayak anak tk kebnyakan dana di pangkas nyet ah mlh skrng bikin apk di luar playstore , hrus nya bikin nya versi android 7 minimal ngada2 aja",Negatif
Versi sudah lama mungkin sudah rengko,Negatif
"Pas udah kita buka, kok dibilang apliksinya versi ini tidak bisa di gunakan lagi,ğŸ¤”",Negatif
"aplikasi kurang maximal ,kalah servernya sama.mobile legend",Negatif
"Ada pemberitahuan ""Aplikasi versi ini sudah tidak dapat digunakan""... Yg lebih parahnya lagi udh hampir setahun masa nggk ada perbaikan disemua device, buangÂ² anggaran aja",Negatif
kena tidak bisa masuk/login,Negatif
Min tolong min perbaiki aplikasinya susah banget terbuka biar kami kpps bisa lancar kerjanya mohon bantuannya admin,Negatif
"Tolong pak, aplikasi nya hrs trs di update, karna bukan semakin baik malah msh bnyk kekurangan nya inj",Negatif
"Aplikasi ini kurang baik, tolong ditingkatkan!!!",Negatif
"Di pilpres apk ini sudah terbukti bikin pusing para KPPS,, sekarang pilkada apk ini dipakai lagi.. kasian para KPPS buang"" waktu untuk pengisian hasil..",Negatif
Muncul kata versi ini sudah tidak dapat di gunakan,Negatif
Aplikasi tidak dapat di gunakan,Negatif
"Aplikasi burik di pakek buat kerja ya kayak gini kaluk buat apk minim bisah di pakek jgana kayk gini nyusahin masyarakat aja ,,,burik",Negatif
Rating sampai 2.0 ckckckck... Sebobrok inikah sistem kepemerintahan ? Kalau gak siap mending jangan.,Negatif
"G bisa di buka,saya mau simulasi sirekap sama rekan",Negatif
"Tidak bisa di proses, macam mana aplikasi ini ğŸ¤¢",Negatif
"Klo dah g bisa digunakan, knp msh ada ajah sih",Negatif
Bobrok !,Negatif
"Aplikasi ini masih sangat belom akurat... Krna dalam pemakaian sangat sulit dibuka meskipun sudah di daftar, sabaiknya aplikasi ini bisa dibuat sperti Aplikasi lainlah sperti JKN mobile atau BRI mobile atau seperti WhatsApp.. padahal negara sudah sangat memprioritaskan ni sbg masa dpan bangsa Indonesia, jalanx Demokraai masa kini.",Negatif
"Aplikasi bobrok dipake buat hajat negara, parrrah.",Negatif
"Server lelet, low respons",Negatif
"Sering loading, laama banget",Negatif
Sudah beberapa kali coba tetap stag di choose profile,Negatif
Tidak bisa di buka versi lama hingga tidak bisa di update versi terbaru,Negatif
Kenapa aplikasi nya tidak dapat di bukak,Negatif
Beli kek aplikasi yg bagusan yg mahalan dh tau seluruh indo pke.. sya pke hp hig end lo mash j lemot letoeee.. pnglaman thun lalu srver kacau.wkkwkww,Negatif
Tidak bisa dibuka,Negatif
Percuma ini aplikasi tidak bisa di fungsikan bikin hp lemot KPU gagal membentuk aplikasi ini...,Negatif
aplikasih apa ini bolak balik dowload tetap aja versinya 2.55.,Negatif
Aplikasi jenis ini sudah tidak dapat di gunakan Bikin orang pusing saja aplikasi ini,Negatif
Tidak bisa dibuka melalui WiFi,Negatif
Membingungkan mudah gangguab,Negatif
Aplikasi buruk kok masih untuk dipertahankan ...kami sebagai kpps pusing cuman gara gara aplikasi buruk ini ..KPU RI emng GK bisa bikin aplikasi yg mudah..jangan ambil enaknya saja ..,Negatif
Aplikasinya sulit poll,Negatif
"Tolong dong, kalau apk sirekapnya nggak menjamin kelancarannya di hari H pilkada nanti gk usah pake si rekap,kasian nanti penyelenggara yang sudah capek banget motoin tpi gagal penggunaan aplikasikasi. Ini masih simulasi saja login udah terkendala,gk bisa login apk sirekap.",Negatif
"Kenapa masih harus uji coba? Yang mana rawan down, susah login, dsb.",Negatif
"Untuk kepentingan negara mbok modal dikit lah, minimal gak harus android, ios juga kasih donk..",Negatif
Gagal terus Dalam Login,Negatif
aplikasinya tidak bisa digunakan,Negatif
Ga BS digunakan,Negatif
Kok aplikasi sudang tidak bisa di gunakan gimana mau aploud ...,Negatif
Jancook,Negatif
"Bisa bisa nya aplikasi ini tidak bisa login, selalu eror",Negatif
Konslet,Negatif
Susah masuknya,Negatif
"Biaya pembuatan apk milyaran mungkin ya, tapi yg tersalurkan mungkin hanya 1jt, begini lh hasilnya",Negatif
ğŸ˜­ğŸ˜­ğŸ˜­,Negatif
Mumeti,Negatif
servernya benerin dulu,Negatif
Sy tidak bisa menginstal ulang,Negatif
"Baru dibuka muncul tulisan versi ini tidak dapat digunakan, Belum digunakan sudah bermasalah",Negatif
APLIKASI BUG,Negatif
Sama sekali tidak bisa,Negatif
"Aplikasi belum layak digunakan, SERVERNYA TINGKATKAN",Negatif
Menambah kerepotan waktu penghitungan suara ,Negatif
"Sering terjadi error saat sedang digunakan ketika dilakukannya uji coba, dan perlu waktu lama untuk men upload dokumen pada aplikasi sirekap",Negatif
Penggunaan sirekap kadang kendalanya dari sinyal sehingga membuat perhitungan menjadi selesai agak lama...,Negatif
Kurang Menarik,Negatif
Saat hari H aplikasi sedikit susah di gunakan terutama dalam scan C hasil perlu adanya edit dan sangat lemot di hp saya,Negatif
"Aplikasi sering error pada saat pelaksanaan peng upload an data, harus logout kemudian login lagi",Negatif
"Aplikasi tidak dapat diakses dikarenakan jaringan, saat unggah daftar hadir lama sekali",Negatif
Udh ke download tapi gak bisa dibuka,Negatif
Terlalu buruk.,Negatif
"Aplikasi versi ini tidak dapat di gunakan,coba tolong dibuatkan pembaruannya/updatenya ,",Negatif
"kalau udah gak bisa pakai versi ini setidaknya upgrade melalui playstore,udah coba download pake link yang dikasi dari sononya juga g bisa eughh,udah mendekati hari h tapi masih banyak yang belum bisa masuk apk!",Negatif
"Aplikasi pemerintah ini bobrokk, bikin onar, sekelas KPU ga bisa mengoptimalkan jangankan bekerja, login aja susah. Saya rasa ga ada lagi judul berita tv yg semenyakitkan ""SUARA RAKYAT VS SIREKAP""",Negatif
Parah sih,Negatif
Aplikasi patah tidak berguna,Negatif
Tidak bisa masuk ke aplikasi,Negatif
"Kalau nggak butuhÂ² amat ne aplikasi malas benar dah, ini sudah puluhan kali instal trus uninstall. Aplikasi sudah tidak berlaku terus kenapa di arahkan kesini kalau tidak berlaku ğŸ˜µâ€ğŸ’«",Negatif
Aplikasi bobrok gini masih jg dipake !!! Apa aja kerja kalian yg di kpu !!! Hadeeuh,Negatif
Aplikasi tidak bisa digunakan....versi sdh beda....tolong diupgrade buat besok batasnya,Negatif
Tidak dapat uptudate apk ini,Negatif
"Dh bolak balik download.kenapa tetap saja GK bisa di buka? Dan bilang ""versi ini sudah tidak dapat di gunakan"" trus",Negatif
Aps kurang update,Negatif
Masih terkendala belum bisa submit,Negatif
"Bernar"" kacauğŸ¤¦ğŸ» kok bukan makin bagus malahan makin jelek, sudah didownload malahan GK bisa digunakan. Mohon maaf namun setidaknya sebelum anda menghimbau penguna direkap untuk mendownload Aplikasih direkap mendingan dites dan diuji coba dulu kelayakan dan fungsih direkap itu sendiri apakah layak dan berhasil digunakan apa tidak! Saat pemilu direkap tinyatakan Eror kok sekarang saat pilkada malahan lebih kacau..! Buat aja aplikasih lain..",Negatif
Parah..,Negatif
tidak berguna,Negatif
"Asli, mereka ga belajar dari waktu kasus Pilpres kemarin. Aplikasi error masih aja dipake",Negatif
susah loading tetus,Negatif
Apa ini gak guna,Negatif
Aplikasi versi ini udah tidak bisa di gunakan,Negatif
aplikasi tidak dapat diakses,Negatif
Aplikasi tidak bisa di gunakan,Negatif
Saya tidak bisa daftar ni tolong bantu saya daftar k,Negatif
Update woy,Negatif
"Aplikasi gak jelas, padahal linknya langsung dari KPU,, ğŸ¤”, Parah",Negatif
"Sudah 3x pegang sirekap ga ada perubahan, bermasalah terus....",Negatif
"Udah di download gs bisa di buka, tulisannya aplikasi ini sudah tidak dapat digunakan gimana ini",Negatif
Sangat buruk tidak bermanfaat,Negatif
Gimana ini udah dikirim link dari KPU tapi ketika di istal dan buka aplikasi sudah tidak berlaku katanya gimana ini,Negatif
Masa dapat Likn langsung diarahkan ke Playsore di buka Versi ini sudah Tidak digunakan LagiğŸ˜¡,Negatif
"Tolong Kameranya dibenerin biar ngga delay, cape banget hp udah geser masa kameranya belum",Negatif
aplikasi sangat tidak bagus,Negatif
Sudah di donlod tapi gak mau di bukak ada tulisan aplikasi ini sudak tidak di pakai,Negatif
"Aplikasi bapuk, padahal tendernya gede juga",Negatif
Sudah didownload malah aplikasinya sudah tidak terpakai. Gak jelas,Negatif
"Aplikasi yang belum siap tapi dipaksakan ya gini , buang buang anggaran aja , tolong di benahi lagi dong untuk apk si rekap",Negatif
Tidak bisa masuk apk,Negatif
Sangat sangat lemot,Negatif
Pemborosan uang rakyat di pakai buat aplikasi yang ga guna,Negatif
Aplikasi versi ini sudah tidak dapat di gunakan.klo blm siap jgn di publikasikan dong.nanti di saat hari H nya error .,Negatif
Tidak bisa di buka,Negatif
"Aplikasi versi ini sudah tidak dapat di gunakan,, maksudnya",Negatif
Di kasih link dari kpu pas di alihkan ke PlayStore malah aplikasi versi ini tdk bisa di gunakan.. Di Indonesia kaya gk ada lagi orang pintar IT. Developer yg skrg sangat buruk.,Negatif
Tidak bisa login di Hp vivo n oppo,Negatif
Aplikasi parah ora jelas,Negatif
Masa ia kalo mau update mesti hapus dulu baru donwload ulang. Ngabisin kuota aja.,Negatif
"Untuk update cukup menguras waktu dan kuota wkwk. Karena aplikasi sirekap ini biasa update kalau aplikasi sebelumnya dihapus dulu, kemudian diinstal lagi.",Negatif
Aplikasi server korup,Negatif
"aplikasi susah digunakan, eror selalu",Negatif
Aplikasi yang membagongkan,Negatif
Setiap mau dipakai ada saja kendal kendalanya,Negatif
Aplikasi sangat sulit di gunakan dan di update,Negatif
Aplikasi macam apa ini. Sudah di instal di update pulak malah error'.,Negatif
"Coba dong aplikasi nya yang jelas. Aplikasi log-in susah, error terus. Di Update bukannya makin bagus malah makin jele. Aplikasi yang katanya mempermudah malah jadi mempersulit. Buat developer nya pr banget nih buat memperbaiki bug.",Negatif
Aplikasi gak bisa login,Negatif
Anggaran gede Aplikasi Sulit,Negatif
"Sdh dpt link dr kpu tuk masuk pasword dr kpu malh link d buka ga bsa token sudah experid sja gmna kpu ini pilkada repot bngt,,cba d perbaiki kerja nya kita yg ada d kpps d tuntut untuk segera tp ga berfungsi gmna mau kerja trs sehaurs nya prasarana dan sarana menunjang tuk semua nya,,kan sdh belajar dr pilpres kemarin",Negatif
"update wae lier, 3x instal",Negatif
Aplikasi lol,Negatif
Pelis atuh ah... Ini penyakit dari pilpres sampe sekarang sama aja...serius dikit napa...ini tim IT nya ngelawak apa gmn... Akun duluan yg di kirim sementara apk nya msh lawas...,Negatif
Belum bisa pilih profil ğŸ˜‘ğŸ˜‘,Negatif
Parah. Aplikasi develop biaya berapa kyak main main gini. Eror mulu diandroid 13,Negatif
"Sudah di update tapi tidak bisa login, yang bener aje. Sangat tidak ramah",Negatif
Unggah pdf gagal terus,Negatif
Aplikasi bobrok,Negatif
kalo ada rekapitulasi manual kenapa harus juga rekapitulasi online? buang2 anggaran,Negatif
DANA ELIT APLIKASI SYLITTT,Negatif
Mff nih ibu/bapak apknya sangat ribet sekali untuk sekelas apk pemerintah inimah bikin malu si dan menguras waktu dan akomodasi karna harus bimtek beberapa kali mending kalo mulus kebanyakan malah cuma bikin rusuh acara pencoblosan aja dah mending pake CamScanner aja,Negatif
"Programmer nya orang dalam mungkin ,makanya nggk becus urusin aplikasi",Negatif
Jika masih belum buat aplikasi kenapa harus maksa untuk buat. Kocak,Negatif
"Di Update gak bisa, yg bikin nya gak mengurusi sepertinya",Negatif
Selama beberapa kali jdi penguna sirekap belum ada kemajuan,Negatif
"tolong lah bikin aplikasi yg bener, pertama install gak bisa di buka, terus verifikasi gk masuk, udh bisa masuktapi sampe sekarang gak bisa submit. gimana sih.",Negatif
Ayo dong ko lelet masuk nya,Negatif
Nyusahin orang aja ini apk juancok,Negatif
Pembaruan tgl 9 nov 2024 gak bisa di update udah download tapi gagal install mulu,Negatif
"Sudah donlot, sudah login. Tapiga bisa pilih profile. Gimana ini?",Negatif
"Disuruh nginstal, diinstal judule aplikasi versi ini g bisa ... 4 kali bongkar pasang belum terlihat hilalnyaa .... lhaaa terus piye",Negatif
"Ternyata aplikasinya sirekap pas mau buka """" Versi ini suda tidak dapat digunakan "" Katanya perbaikan gmna uda dicoba tetap aja yg keluar itu itu saja... Mohon cepat diperbaiki",Negatif
Aplikasi sirekapnya kedaluarsa,Negatif
Aplikasi sudah tidak bisa digunakan...kenapa gak ada update...ğŸ‘,Negatif
Versi sudah kadaluarsa,Negatif
Ga bisa masuk sayang banget,Negatif
Suka eror terus ya udh pake sandi masih aja pake sidik jari /kata sandi hp hadeeh,Negatif
"aplikasi membosankan sangat menguras tenaga saat beusaha membukanya mau siang,malam, subu tetap tdk bisa... sangat melelahkanğŸ˜•",Negatif
Kenap app nya tidak dapat di gunakan?,Negatif
Tidak profesional,Negatif
Aplikasinya bapuk,Negatif
"Tolong dipercepatkan bosku,ini ko eror terus",Negatif
Aplikasi bosok,Negatif
Aplikasinya jelek banget gak bisa di untuk sekelas kpu aja bikin aplikasi kayaknya gini hadeh,Negatif
Link dari KPU pas di klik dari PlayStore malah versi gabisa digunakan...hadeuhhhhhhhhhhhhhhhhhh,Negatif
Tak bisa dibuka. Entah siapa yang salah,Negatif
Lemot,Negatif
Aplikasi ngak bisa di buka,Negatif
Otentikasinya ribet,Negatif
"Halo min, App lupa password untk login, mohon bantuannya.",Negatif
Gak jelas,Negatif
Apk nya kok gak bisa digunakan mohon solusi nya,Negatif
aplikasi rusak ga niat bikin wkwk,Negatif
Kami oprator Kpps sangat Susa utk Loding,Negatif
Tidak bisa digunakan link dari KPU tapi No.respon Ampe skrang,Negatif
Semogah kejadiannya seperti waktu pemilihan presiden DOWN. lagian aplikasi masih perlu banyak evaluasi di pake.,Negatif
SANGAT JELEK,Negatif
Aplikasi negara kok lucu gini,Negatif
"Aplikasi sirekap mungkin bisa membantu,tapi sayangnya kenapa tidak bisa di buka di TPS 011,JATIMEKAR,JATIASIH,KOTA BEKASI,JAWA BARAT",Negatif
"Aplikasi ga jelas,di suruh login paling lambat 12/11/2024,aplikasi di buka aja ga bisa,malah muncul notif aplikasi versi ini sudah tidak dapat digunakan,padahal link nya dari KPU",Negatif
Apk Ngaco,Negatif
Sekelas negara bobrok kali untuk apk ini.,Negatif
Ga bisa di pakai,Negatif
"Apaa la kpu ni, masak udah update pun ga bisa juga. Jangan garaÂ² apk ga tidorÂ² org di buat Padahal hp udah vivo v23 5G masak ga bisa submit",Negatif
"Aplikasi gk jelas, beribet, ini aplikasi kpu tp bukanya mempermudah malah d persulit. Kita itu sudah bersedia membantu untuk kpu. Tp d bikin ribet dan sulit masuknya. Sudah download hapus download lg ttp z. Useless.",Negatif
Aplikasi kurang baguss,Negatif
Hp saya kok tidak di ijinkan . Kira kira solusinya gimana ya ?,Negatif
"Tolong bisa di buka di iphone , dan aplikasi ini seperti aplikasi yg susah berjalan. Entah drmana asalnya yg buat gk kompeten",Negatif
Aplikasi SAMPAH .. gak bisa apa lu pada bikin aplikasi ajg,Negatif
Versi ini sudah tidak dapat digunakan ....?,Negatif
ANEH. Seharus nya belajar dari pengalam pilpres . Ini malah tambah parah susah masuk nya,Negatif
Aplikasinya belum bisa di gunakan,Negatif
Kabarin kalo udah bisa di buka dehh,Negatif
Gini amat bikin aplikasinya kaya yg glk niat banget .,Negatif
aneh gk bisa di buka,Negatif
ga bs terbuka.mohon untuk diupdate agar bs masuk,Negatif
Bobbrok,Negatif
"Yang bermasalah apk nya,,, kpps yang kena semprot pps. Korupsi digedein, bikin apk untuk bangsa kek gak modal gini.",Negatif
Pengen maju tapi kyk gini amat sistemnya hdeh,Negatif
Kenapa tidak bisa di buka appnya,Negatif
Aplikasi gak bagus kok dipakai buat bangsa Lucu jasa Memalukan,Negatif
Aplikasi g jelas masih aj di pake..skrang malah aplikasi versi tidak dapat digunakan,Negatif
Aku kasih bintang satu,Negatif
Susah,Negatif
"Ra keno d install ""Aplikasi versi ini sudah tidakdapat digunakan"" ğŸ˜®â€ğŸ’¨",Negatif
Kalau memang belum siap jangan langsung di praktekan . Siap kan dulu apk nya dengan baik . Masa eror mulu. Cair banyak nih .,Negatif
Tidak bisa di gunakan,Negatif
Bukan membantu malah makin susah sekelas pemerintah,Negatif
"susah banget login,pas bisa login malah log out sendiri",Negatif
Aplikasi nob,Negatif
Kalau tidak bisa bikin apk Mending pake google form aja ğŸ¤£ğŸ¤£ğŸ¤£,Negatif
Saya dari kemarin tidak bisa login .. sampai gnti pasword 5x ..,Negatif
Gimana nie g bisa dibuka,Negatif
Error tidak bisa di Gunakan,Negatif
"Susah login, pemakaian sangat tidak praktis, fiturÂ² ora jelas, dan gak ada fitur create new akun, pokoknya nih aplikasi minim fitur, aplikasi miskis",Negatif
"wkwkwk padahal baru tadi dapet sms disuruh instal apknya pas di instal malah error ga jellas wkwk,apk pemerintah gini amat ga bisa update dan malahan saat masuk apk nya udah ga bisa digunakan karna versinya udah terlalu jadul hahahahaha",Negatif
Apa yg bisa diharapkan dari aplikasi bawaan pemerintah. Astagaaaaa,Negatif
"Tadi Pagi sya Dapat WA dari KPU Untuk install, setelah install Selesai di buka , gak Bisa ada kata2: Aplikasi versi ini, Sudah Tidak dapat digunakan Ini angel tuturane dikasih deadline 19-11-2024",Negatif
"Ai sakirana apk can siap pake mah ulah waka dititah install atuhlah.. Sekelas apk yg notabene-nya milik KPU kos kieu patut.. Nu baleg atuh nyieun apk teh, ciga euweuh jalma pinter wae..",Negatif
Aplikasi ga jelas,Negatif
LOADING,Negatif
Tidak cuma memperlama tolong jangan dikorupsilah buat bikin aplikasi,Negatif
"dikirim WA disuruh login, kocak app nya aja belum siap, gimana sih?",Negatif
Aplikasi kurang bekerja dgn sampurna,Negatif
"Mau sampai kapan ini update nya sedangkan pemilihan udah 2 minggu lagi, tolong dong kpu dipercepat inikan belum login nya terkadang suka eror tuh",Negatif
"Aplikasinya malu maluin, ga update, sekelas negara Indonesia",Negatif
Tidak bisa masuk,Negatif
"Versi usang, untuk pilkada 2024",Negatif
"Kasian aplikasi pemerintah kok gini, miris!!",Negatif
Aplikasi gak bisa di gunakan,Negatif
Bagimna ini e.........ğŸ˜¡ğŸ˜¡,Negatif
coba yg buat apk jangan bikin pusing,Negatif
Apk sudah di donload tpi tdak bisa digunakan,Negatif
Tidak bisa di gunakan,Negatif
Mohon untuk segera memperbaiki ke versi yang sesuai ... Agar bisa digunakan oleh petugas sirekap . Saya disini sirekap 1 belum bisa login aplikasi tersebut .,Negatif
Aplikasi versi ini sudah tidak dapat digunakan ğŸ™ğŸ»,Negatif
Belum bisa di buka,Negatif
"Tidak bisa di gunakan, pilkada tiggal ngitung hari",Negatif
Tidak bisa di buka aplikasinya. Klo sekiranya belum siap bikin aplikasi jgn dulu di share lah app nya.,Negatif
Bikin kaya gini kan... ngeluarin duit banyak...tp kenapa aplikasinya bgini hadeuh... pemerintah,Negatif
serius ini gak bisa di download di ip nih??,Negatif
Kenapa saya tdk bisa buka aplikasi ini,Negatif
"Tidak bisa digunakan, ngga bisa login",Negatif
Aplikasinya lucu sekali aneh,Negatif
"min, ini masa di hp ku (vivo) ngestuck di bagian suruh pilih rekapitulasi, bimtek dll?? gak mau login kocak",Negatif
Gak bisa login macam mana ini,Negatif
Aplikasinya sekelas dengan SDM dipemerintahannya.,Negatif
Ko ga bisa di buka yah???,Negatif
ga bisa dibuka,Negatif
Aplikasi ga jelas,Negatif
Koq versi ini gak bisa digunakan.. Apa sengaja di off dulu ğŸ˜†ğŸ˜†,Negatif
"masa aplikasinya gabisa masuk2 terus sih padahal sudah diulang beberapa kali,percuma saya update teknologi kalau aplikasinya masih kayak gini",Negatif
Ko kenapa tidak bisa di gunakan,Negatif
aplikasi ini tidak bisa di upgrade pada versi berikutnya,Negatif
Tidak bisa login!,Negatif
Dari masa pemilu nape si ah bikin puyeng terus,Negatif
Aplikasi TDK bs di gunakan di hp saya.poco X3 pro iOS 14,Negatif
"Apk tolol buat gini aja gak becus,giliran korup baru pada pintar.",Negatif
Aplikasi bobrok....tlg google hapus saja apps ini dari playstore...ini apps kategory spam...,Negatif
Gk update,Negatif
Kaga bisa di buka,Negatif
Bosokk,Negatif
Sudah tidak dapat di gunakan versi ini,Negatif
Ini sudah berkaliÂ² saya unistal tetap tidak bisa di loggin,Negatif
Belum terapdut,Negatif
Ga bisa buka aplikasi ya,Negatif
Aplikasi versi ini sudah tidak bisa digunakan ğŸ˜­,Negatif
"Gagal mendapatkan kuci digital, katanya di suruh clear data apk dulu, udh dilakuin, ttp aja, nggk bisa, knp?, pusing dr kemarin nyoba berbagai cara, ttp aja nggk bisa.",Negatif
Negara besar belum mampu atau memang sengaja tdk dimampukan menyediakan aplikasi untuk hajat nasional sepenting ini.... Memalukan,Negatif
"aplikasi banyak bug, bikin pusing yang pake....",Negatif
"Aplikasinya sangat rumit, terkadang bisa error, susah login dan sebagainya.",Negatif
Aplikasinya tidak berfungsi dengan baik,Negatif
"Aplikasi gak bisa login di suruh pakek.. App kalau belum siap mbokya gak usah pakai aplikasi.. Bikin susah yg kerja aja.. Di suruh uninstall trus hapus data download lagi ttep sama.. Gak bisa login pas pemilihan bimteknya.. Di submit ga jalan.. Pakek hp istri juga sama,..",Negatif
Sirekap saya .lupa pasword nya jadi gg bisa buka ..mohon arahan nya,Negatif
MINIMAL KLO BIKIN APLIKASI YG JELAS!!!! INI BUKA KAMERA AJA LAG PARAH. KLO GK BISA BIKIN APLIKASI MINMAL HIRE ORANG LAEN. KPU GK BECUS.,Negatif
Kenapa tidak bisa membuka aplikasi ada tulisan gagal mendapat sertifikat digital pada hal sdh di install ulang,Negatif
Versi terbaru makin buruk masuk nya aja di persulit makin di update makin ga jelas,Negatif
Apk gg suport all android!!! Server bosok!!,Negatif
"Uang milyaran cuma bisa bikin aplikasi kayak gini? Sampah, eror terus gak ada habis2nya. Gimana nnt hari H. Apa gak ada evaluasinya ya ini tim ITnya??? Orang bikin apps biar kerja masih cepat ini malah nyusahin dan nyebelin, petinggi gak beres dan IT nya pun gak beres, cocoknya tim IT nya orang yg profesional dan harus ganti ini orang2 yg sekarang ngerjain projek ini. Pemalas kalian, udah mau dekat2 pemilu baru asik kalian update2, selama ini kemana aja, memang asu.",Negatif
APA INI COK BISA USER SAMA PASWORD G MASUK??,Negatif
Apknya bikin pusing ....,Negatif
Aplikasi kok gini amat y .. bikin pusing aja...Mudah2han lancar dan gk macet2 waktu hari h.,Negatif
Pusing ga jelas,Negatif
"Apk terburik yg pernah saya download, mau masuk aja terjadi kesalahan. Ini mau bimtek 5 bagaimana kalo ga bisa"" masa harus punya HP 10 kalo salah satu ga bisa buka, ini saya udah instal dan uninstal terus buat masuk ke apk ini. Coba ini solusinya gmn SIREKAP, gunta ganti aja sekalian di perbarui biar ga install ulang terus",Negatif
Kurang bagus,Negatif
"yaAllah yaAllah yaAllah, tolooongg bgtttt tolongg jangan upate update terossss, klo mudah mah gapapaa, laa ini makin makin makin makin suliiitttt astagfirulloh",Negatif
"PUSING.... KARENAAAAAAAA APK. SIREKAP, PALA PUSING KARENA SIREKAP",Negatif
"Di versi 2.71 lancar, dapet wa dari pps disuruh uninstall yg itu dan install yg ini, mampet di halaman masuk. Error failed to connect to api after 60000ms. Sepertinya butuh perbaikan di bagian infrastruktur pendukung. Mudah-mudahan BUG nya segera teratasi.",Negatif
"Abis Di update malah terjadu kesalahan, gagal mendapatkan kunci digital. Gimana ini, apk bukannya memudahkan malah bikin bingung.. Ini apk siap pakai apa tidak..??",Negatif
maaf punya saya belum bisa masuk.. gagal mendapatkan kunci digital.. tolong segera perbaiki.. makasih,Negatif
Knp gak di persiapkan jauhÂ² hari udah pas mendekati bentarÂ² update versi mending langsung on .ganti lgÂ² ah pusing,Negatif
Kenapa aplikasinya tidak bisa masuk,Negatif
Aplikasine andalan yg selalu dipake pd saat pemilu ğŸ‘,Negatif
sumpah ni aplikasi susah banget login nyağŸ”¥ ini mempermudah atau mempersulit sihhğŸ˜­ğŸ˜­ğŸ˜­,Negatif
"Ini aplikasi Bikin susah, sudah di update tapi tidak mau di instal, login pakai yg lama juga tidak mau, tolong lah kami2 dari ujung peloksok negeri ini signal,listrik dan jalan susah !,jgn di bikin susah lgi, menurut saya ini rancangan aplikasi sangat buruk, repot",Negatif
"Ujung tombak berada di kpps sirekap tapi,kenapa untuk log in saja gak bisa . Sangat Buruk.",Negatif
"Dari versi 2.71 ke versi 2.73 malah gagal login, harus gimana ya solusi nya. Sudah dihapus lalu download lagi tapi tetap aja sama tidak bisa login.",Negatif
"KALO NGGAK BECUS BIKIN APLIKASI, MENDING NGGAK USAH PAKSAIN PAKE APLIKASI, BIKIN RIBET AJA",Negatif
Udah bolak balik uninstall install hapus data clear cache masih juga mentok di inisialisasi gagal masuk. Whyy???? Pdhl hr ini uji coba. Ya ampun ini tolong masih perlu diperbaiki nih aplikasi,Negatif
Kalo tidak canggih tidak usah membuat aplikasi yang membuat susah kpps yang kerja luar biasa untuk mencari kan jabatan untuk pejabat,Negatif
Pas login kok malah gagal mendapatkan kunci digital pas berhasil proses inisialisasi kok malah disuruh install chrome padahal chrome udah ada,Negatif
Capek banget hapus dan download ulang apk iniğŸ¥µ,Negatif
Aplikasi pemerintah gini amat,Negatif
Mau update ke versi 2.73 GE susah banget,Negatif
"Sudah apal sama aplikasi plat merah, pasti nek ga erorr ya ngelag",Negatif
"Aplikasi keong. Harus Ditingkatkan lagi. Jangan buang"" anggaran",Negatif
Lupa pasword sirekap,Negatif
kagal bisa log in,Negatif
"Terlalu ribet, dan aplikasi masih kurang sempurna untuk di gunakan d seluruh Indonesia",Negatif
gagal login terus,Negatif
Belum di pake aja udah eror apa lg pas di pake,Negatif
Apk yg versi 2.73 ini kenapa malah susah sering macet pas mau masuk ke profil... Terjadi kesalahan saat inisiali aplikasi gagal mendapatkan kunci digital: java. Lang. Exception : anda saat ini sedang melakukan inisialisasi. Harap tunggu sejenak dan coba lagi..........gitu gitu mulu padahal yang versi 2.71 mah lancar lancar saja ini kenapa yng baru malah susah kendalanya cuman gk bisa masuk ke profil yg pengguna apk sirekap terbaru ini apakah sama punya kendala seperti ini..?????,Negatif
Gak bisa di install 2.73,Negatif
"Tuluy we tuluy lah saacan Sirah coplok mah, Mun sakirana teu bisa ngembangkeun apk na mending keneh neangan pagawe lain jangar lah Kana Sirah aing na, ti pemilu kamari knh ku apk sirekap ieu",Negatif
"Dari dulu penyakitnya sama nih apk, buat orang darting",Negatif
"Gk ush di bikin runyam deh aplikasi gk jelas bukan nya mempermudah mempersulit iya, di benerin tu aplikasi gk jls ni",Negatif
"Apa ini apk tidak bisa dipakai untuk yang versi 2.73 stuck di tempat login doang? Ini gimana yang buat,padahal penting untuk pemilihan tpi apk tidak di perbaiki ada yang banyak kesalahan",Negatif
kamera delay banget astagaa.penyimpanan masih banyak padahal..hadeeuuh,Negatif
"Proses inisialisasi gagal teruuuss.. uninstall, instal lagi berulang"".buang"" kuota",Negatif
Ampass,Negatif
Susah di update,Negatif
APK KGAK JELAS NYUSAHIN NJG,Negatif
Aplikasinya gak bisa di login,Negatif
Indonesia se level apk aja gini amat.. gimana mau punya mimpi bikin yang lain semisal manufaktur litograf microchip.. gkgk,Negatif
Release apk perlu pembaruan ke versi lebih tinggi tetapi malah banyak bug,Negatif
Untuk KPU kalau bisa jangan bikin apk yg merepotkan katanya mau memudahkan eh malah tambah repot,Negatif
"Cacat, Update bukannya tambah bagus malah tambah parah",Negatif
Semoga aplikasi dapat diperbarui ke versi 2.73,Netral
"Saat ingin melakukan pembaruan, apakah diperlukan instalasi ulang aplikasi?",Netral
full update,Netral
Aplikasi mengalami gangguan secara berulang. mohon perhatian terhadap kendala ini,Netral
Aplikasi diperbarui ke versi 2.73. Mohon informasi lebih lanjut,Netral
sedang proses memperbarui ke versi 2.73,Netral
Aplikasi masih mengalami banyak kendala meskipun telah mendapatkan dukungan pengembangan,Netral
semoga proses pekerjaan berjalan lancar,Netral
Disarankan agar aplikasi menyediakan fitur lupa kata sandi untuk mempermudah pengguna.,Netral
Aplikasi ini tampaknya masih dalam tahap pengembangan lebih lanjut,Netral
Versi 2.73 belum kompatibel atau tidak berhasil diinstal di perangkat Samsung A03s,Netral
Versi terbaru sedang berproses login ya walaupun membutuhkan waktu tambahan,Netral
Perlu kesiapan teknis yang lebih optimal untuk implementasi digitalisasi,Netral
Terjadi kesalahan login meskipun informasi akun sudah benar. Mohon perhatian terhadap kendala ini,Netral
"Aplikasi digunakan untuk membantu perhitungan suara, namun belum bisa diperbarui ke versi 2.73",Netral
"Terdapat kendala saat melakukan pembaruan aplikas, namun segera teratasi ",Netral
"Aplikasi digunakan untuk perhitungan pilkada, namun masih memerlukan peningkatan fungsionalitas",Netral
Diharapkan aplikasi berjalan stabil dan bebas dari kendala teknis seperti pemeliharaan server,Netral
"Aplikasi awalnya dapat diakses, namun kemudian mengalami kesulitan login",Netral
"Aplikasi mengalami kendala saat proses masuk/login, tapi lancar saat membaca hasil scan",Netral
"saya lupa password, apakah bisa dibantu?",Netral
Setiap ada uji beban atau rekapitulasi sebaiknya profil yang dimunculkan cuma 1 saja,Netral
KPPS kedua ,Netral
Diharapkan aplikasi berjalan dengan baik sampai hari pelaksanaan,Netral
saya sedang menggunakan sirekap saat ini,Netral
Aplikasi masih dalam tahap pengembangan dan perlu ditingkatkan lagi,Netral
Disarankan agar server dipersiapkan lebih baik untuk menghindari kendala pengiriman data,Netral
"Aplikasi saat ini belum dapat diperbarui secara optimal dan memerlukan perbaikan, mohon arahan",Netral
Diharapkan sistem berjalan lancar sampai hari pelaksanaan,Netral
"Saat ini aplikasi berjalan lancar, diharapkan tetap stabil ke depannya",Netral
Aplikasi tidak dapat diperbarui per tanggal 19 November 2024,Netral
gimana cara kalau lupa password sirekap,Netral
versi 2.73 seperti arahan,Netral
Diharapkan aplikasi berjalan stabil saat hari pelaksanaan,Netral
Perlu penyesuaian,Netral
Diharapkan proses login dapat berjalan lancar,Netral
"Perlu panduan untuk mereset kata sandi, dan aplikasi meminta pembaruan saat login",Netral
"Belum dapat memperbarui ke versi 2.73, mohon panduan lebih lanjut",Netral
"Setelah diperbarui ke versi 2.73, aplikasi dapat diakses kembali",Netral
Proses pembaruan aplikasi cukup sering dan memerlukan koneksi yang stabil,Netral
"Proses pembaruan dari versi 2.71 ke 2.73 mengalami kesulitan di perangkat Oppo dan Vivo, tapi bisa di hp samsung mohon petunjuk",Netral
Sirekap saya lupa pasword nya jadi gak bisa buka ..mohon arahan nya,Netral
"Untuk saat ini tidak ada masalah saat bimtek 2, mudah-mudahan pas hari H tidak ada kendala.",Netral
Untuk pengambilan gambar perlu ditingkatkan agar lebih cepat dan efisien saat hari H.,Netral
Pernah menjadi anggota KPPS,Netral
Aplikasi baru,Netral
Pernah sebagai anggota pantarlih untuk pilpres dan sebagai ketua TPS.,Netral
Disarankan aplikasi memiliki fitur lupa kata sandi untuk memudahkan akses pengguna,Netral
"Saat ini belum bisa login, menunggu informasi selanjutnya",Netral
"Aplikasi dapat digunakan sesuai kebutuhan, tapi membutuhkan waktu untuk upload",Netral
Sudah bisa login dan berjalan sesuai prosedur,Netral
Versi Pilkada memiliki perbaikan dibanding versi sebelumnya,Netral
Versi 2.73 sudah menggantikan versi 2.71 dan dapat digunakan,Netral
Harap aplikasi tetap stabil saat digunakan di hari H,Netral
Fitur lupa password diperlukan agar pengguna dapat memulihkan akun.,Netral
Aplikasi dapat dibuka dengan menyesuaikan kondisi sistem,Netral
Aplikasi memiliki desain unik,Netral
Menggunakan Sirekap pada waktu Pilpres.,Netral
Aplikasi masih memerlukan beberapa penyempurnaan.,Netral
Perlu penyesuaian perangkat untuk menjalankan aplikasi.,Netral
Diharapkan aplikasi dapat diperbarui secara berkala.,Netral
Aplikasi sudah diperbarui dan dapat digunakan.,Netral
"Notifikasi menunjukkan aplikasi versi ini sudah tidak berlaku, perlu update.",Netral
Mohon panduan jika mengalami lupa kata sandi.,Netral
 Baru mendaftar.,Netral
"Aplikasi berjalan dengan baik, meski masih ada hal yang bisa ditingkatkan.",Netral
Apakah aplikasi sudah diperbarui untuk Pilkada?,Netral
Mohon konfirmasi versi aplikasi terbaru.,Netral
Kapan versi terbaru akan tersedia?,Netral
" Untuk versi terbaru, disarankan mengunduh tautan dari PPS/PPK.",Netral
Juruani Susanti.,Netral
Versi saat ini masih perlu pembaruan.,Netral
 Siap untuk update Sirekap.,Netral
Aplikasi ini diharapkan memudahkan petugas KPPS.,Netral
 Pilkada 2024.,Netral
Aplikasi sesuai fungsi.,Netral
Pernah menjadi KPPS pengguna aplikasi Sirekap pada 2020.,Netral
Masih menunggu informasi username dan password.,Netral
"Terkadang login gagal karena kombinasi data yang salah, tapi masih bisa scan data",Netral
Semoga aplikasi berjalan dengan baik saat digunakan.,Netral
"Kadang bisa di buka kadang aplikasi sulit dibuka, mohon evaluasi lebih lanjut.",Netral
Ingin memahami cara penggunaan aplikasi lebih lanjut.,Netral
Harap diperbarui ke versi terbaru agar tetap dapat digunakan.,Netral
Perlu update aplikasi karena versi lama sudah tidak mendukung.,Netral
Perlu verifikasi ulang jika login tidak berhasil.,Netral
" Setelah unduhan, aplikasi menampilkan pesan versi tidak berlaku.",Netral
Aplikasi yang digunakan masih dalam tahap pengembangan dan terus diperbaiki.,Netral
Perlu update ke versi terbaru agar sinkron dengan pelatihan di lapangan.,Netral
"Aplikasi tidak bisa digunakan saat ini, memerlukan solusi.",Netral
Tambah pengalaman.,Netral
"Ok, dicoba terlebih dahulu.",Netral
"Jika tidak bisa dibuka, silakan tunggu informasi update dari PPS.",Netral
"Jika lupa password, mohon panduan dari pihak terkait.",Netral
 Belum memiliki pengalaman menggunakan Sirekap.,Netral
Semoga aplikasi berjalan lancar saat Pilkada.,Netral
Aplikasi versi ini memerlukan pembaruan agar dapat digunakan.,Netral
Semoga aplikasi berjalan baik.,Netral
Uji coba.,Netral
Mohon solusi jika akun mengalami lupa password.,Netral
"Sudah instal aplikasi, namun versi tidak berlaku, mohon solusi.",Netral
 Pernah menggunakan.,Netral
Siap menjalankan tugas pada Pemilu 2024.,Netral
"Mudah2 dilancarkan pekerjaannya, Aamiin",Netral
Membantu untuk menghitung surat suara lewat aplikasi ini dan juga memudahkan petugas untuk bekerja.tapi kendalanya kenapa sirekap tidak bisa mengupdate ke versi 2.73,Netral
"Gagal update terus, kenapa yah?",Netral
"Aplikasi yang ""Dipaksakan"" untuk perhitungan pilkada serentak ataupun pemilu. Padahal masih jauh dari kata bagus.",Netral
Semoga aplikasi nya tidak bermasalah dan terjadi Server Maintenance,Netral
Tadi aman dh bisa login dan praktek sirekap pada rapat bimtek 1 tiba2 pas mau d pake lagi nga bisa login Berusaha Ampe stres tingkat dewa,Netral
Apk ini ko tdk bisa masuk kenapa ka tdk bisa,Netral
Saya lupa password apakah bisa di bantu?,Netral
Setiap ada uji beban atau rekapitulasi sebaiknya profil yang dimunculkan cuma 1 saja,Netral
Semoga bisa diandalkan sampai hari H agar tidak membebani relawan,Netral
Bagaimana solusinya jika lupa password akun Sirekap??,Netral
Moga saja lancar tanpa kendala sampai hari H.,Netral
"Untuk saat ini tidak ada masalah, semoga di hari H-nya tidak bermasalah dan lancar",Netral
Aplikasi baru.,Netral
Pernah sebagai anggota pantarlih untuk Pilpres dan Wapres dan sebagai ketua TPS Pilpres dan Wapres.,Netral
ikuti alur ,Netral
tes dulu,Netral
uji coba dulu,Netral
siap untuk menggunakan sirkap,Netral
Semoga tidak lelet saat satu Indonesia pakai,Netral
"Aplikasi mungkin masih dalam tahap pengembangan, semoga segera stabil.",Netral
Mohon dipastikan server siap agar gambar dapat terkirim dengan lancar saat digunakan.,Netral
Aplikasi masih perlu penyempurnaan agar pembaruan dapat berjalan maksimal.,Netral
Saat ini pembaruan aplikasi per 19 November 2024 belum tersedia.,Netral
emoga aplikasinya berjalan lancar dan tidak bermasalah saat hari H.,Netral
Mohon agar proses unduh dan pembaruan lebih efisien agar tidak memberatkan pengguna.,Netral
Semoga versi final aplikasi dapat segera dirilis agar bisa digunakan dengan lebih stabil.,Netral
"Awalnya lancar, namun pada hari H sempat mengalami kendala saat unggah file PDF.",Netral
aku barusan pertama kali ikut kpps eh malah jadi sirekap 1 anjayyy,Netral
"android 13, ram 8 , kapasitas 256 niat mo download tapi ""perangkat tidak kompatibel"". download piye lur",Netral
User ios malah kepilih jadi sirekap,Netral
"kok banyak sliweran kayak gini, kebetulan jadi operator sirekap jg emang sulit ya kak?ğŸ˜Œ",Netral
pake android ram 2 + pake smartfrend,Netral
kuota yg banyak sama harus bekal charger,Netral
ditempat gue tugasnya kok belum dibagi ya,Netral
aku barusan pertama kali ikut kpps eh malah jadi sirekap 1 anjayyy,Netral
ip sambil leyeh leyeh dulu,Netral
"Hai dev, tolong perhatikan kita dipelosok indonesia timur yang koneksi internetnya tidak memadai ini juga donk!! kalau aplikasi ini anda pasangi TIMEOUT ya otomatis saat hari H kita tidak akan bisa bekerja",Netral
"Awalnya apk bisa, trs pas log in kembali tidak bisa masuk. Untuk kalian yg seperti saya sampai hapus cache, uninstal dan download lg tp tidak bisa masuk/log in bahkan sampai restart hp. Dengan syarat tidak lupa username dan pw silahkan hubungi orang yang bertugas mengenai sirekap di kelurahan anda. Agar segera di buatkan akun baru. Alhamdulillah saya langsung dibuatkan baru dan bisa kembali. Jika sdh ok, jgn hapus cache apk agar terus tersimpan data loginnya. Kalau udh ok apknya jgn di otak-atik",Netral
"Baguss, sangat mudah dipahami. Namun tolong diupgrade lagii min. Dulu versi 2.71 di hp saya bisa masuk, tapi skrg pake versi 2.73 tidak bisa masuk.",Netral
Semoga Bisa Digunakan Sampai Hari H Sebagaimana Mestinya ğŸ˜„ğŸ˜„ğŸ˜„ğŸ˜„ğŸ˜„,Netral
Semoga aplikasi sirekap pada pilkada kali ini aplikasinya tidak ada kendala lgi,Netral
gw kasih bintang lima buat si rekap..... tolong di tingkatkan admin jaringan aplikasinya,Netral
"Maaf sebelumnya tapi aplikasi belum bisa digunakan secara optimal mau log in saja sulit dan rata rata kendala nya itu semua, mungkin bisa di perbaiki dulu, jika memang sedang maintenance info saja maintenance jadi kita tidak terlalu khawatir Yang sangat kita khawatirkan kalau nanti saat hari pemilu aplikasi tidak dapat digunakan secara serentak tapi diwajibkan menguploud data Mohon untuk pihak KPU segera mengatasi banyaknya kendala kendala yang saat ini terjadi Terima kasihh",Netral
Lah tempat gua sirekap 1 sama 2 pakek ios semua,Netral
Harus nya di sediain sama pps nya ga si,Netral
Iphone bisa ga sirekao?,Netral
klo jdi operator ada tambahan gajih kah?,Netral
wawancara di tanyain apa aja sih ? aku baru awal daftar ga punya pengalaman ğŸ¤£,Netral
loh pake android to. kirain harus leptop,Netral
Hoo jadi ini gunanya pertanyaan jenis hp di siakba,Netral
Boleh pake ios ga si? Aku kepilih sirekap 2 lagi,Netral
"untung sirekap ketua hahaa, semoga gue bagian tinta",Netral
foto pak jokowi dilepas di sekolah,Netral
os bisa ga? Soalnya jadi sirekap2,Netral
masa kata kpps ditempat gw yg android versi terbaru GK bisa harus 9-12 doang. apa bener?,Netral
hp ku oppo A3S ram 2 malah dipilih jd sirekap,Netral
"lah HP ku kecil ram nya kak, malah di suruh megang apk si rekap.. mudahÂ² KPU bisa ganti HP ku kk",Netral
"android 11 ram 4/64gb, memori masih sisa banyak bisa ga kak?",Netral
Yayaya sirekap harus android,Netral
merek vivo juga ga bis akah? aku sirekap soalnya,Netral
Minimal Android berapa?,Netral
lah gua sirkeap jir,Netral
7 anggota kpps itu termasuk sirekap atw beda jga yh,Netral
Harus pake samsung s 24 donk,Netral
sirekap ku si pak ketua hehe,Netral
Yang jadi pps admin datinğŸ˜Š,Netral
"dulu pas pilpres aku kpps 2+sirekap 1,awomawok habis tu dah pilkada ditunjuk lagi",Netral
andai kemaren gw ngakunya pake hp vivo ram 2gb pasti ga dijadiin sirekap 1ğŸ™‚,Netral
Kpps 1 + Sirekap 1,Netral
Tadinya jadi sirekap 1 sama kpps 4 tapi aku bernego menjadi kpps 3 sajağŸ˜­,Netral
sirekap 1 kpps 7 absenğŸ˜,Netral
Ada yg tau gak tugas saksi itu ngapain aja degdekan banget takut salah soalnya baru pertama kali,Netral
Emang harus yah sirekap ini pake hape android? Di tmpt ku diwajibkan,Netral
aku yang jadi KPPS 4 plus sirekap 2 be like ğŸ”¥ğŸ¤™,Netral
Sirekap 1 & kpps 5,Netral
Gw yg alumni sirekap pemilu februari 2024 ğŸ˜,Netral
Sirekap 1 hadir,Netral
padahal gua pengennya jagain tinta,Netral
"sumpah kemaren ujicoba mana sendiri sirekap 2 gahadir, pas bupati gabisa sekali foto kesabaran di uji untung akuratğŸ˜­ğŸ¤£",Netral
"2x sirekap, dobel sabar kang",Netral
jangan tanya sabarku seluas apa,Netral
"apa itu hastag yg sirekap tau hanya april tag, menyala&semangat sirekap pilkadağŸ”¥",Netral
aku sirekap 1 kpps 3,Netral
sirekap aja siii,Netral
besoklah jadi ketua,Netral
Mau jaga tinta aja,Netral
sirekap 1 dan 2,Netral
aku alumni sirekap pilpresğŸ¤¯,Netral
Pake tripod yg bisa disesuaikan ketinggiannya dg form c hasil,Netral
"kpps 4 kerjanyaa apa gays?,",Netral
"Pernah jadi ketua kpps, sekaligus operator sirekap",Netral
"KPPS 4 sirekap 1 ,,yaasaaalaamm ğŸ˜­",Netral
kpps 2 saya,Netral
"bg apa bener ya klo misal sirekap 2 uda upload pdf dan uda 100 persen,terus sirekap 1 nya bakal eror pas buat unggah pdfnya,karna datanya uda ke upload dari sirekap 2?",Netral
"bg apa bener ya klo misal sirekap 2 uda upload pdf dan uda 100 persen,terus sirekap 1 nya bakal eror pas buat unggah pdfnya,karna datanya uda ke upload dari sirekap 2?",Netral
Sirekap 1 udah pernah 2x. Ditambah kebagian tugas di kpps 2. Menyala sirekap 1 ku,Netral
ku jadi sirekap 1 mana baru prtama ikut kpps,Netral
apalagi pas upload daftar hadir,Netral
Kpps 4+Sirekap1+Operator printer+full nulis C-HasilğŸ˜­,Netral
menjiwai sirekap sya ahwhwhwhw,Netral
hahha iya bnerr bngg,Netral
kuncinya cuma SABAR,Netral
Sngat sabar ğŸ¥° tapi ada titik terang beda dengan pilpressğŸ˜…,Netral
gw ketua sekaligus sirekap 1,Netral
Ku pasrahkan dengan kpps ku lah,Netral
Salam dari sirekap kaltim,Netral
Salam dari sirekp madura ,Netral
itu bajunya khusus operator sirekap kah bang?,Netral
pilkada tahun ini bagian sirekap lagi,Netral
guranjay,Netral
ğŸ¤£ğŸ¤£ğŸ¤£benar2 menguji kesabaran,Netral
waduh yg 150 cm gmnğŸ˜‚,Netral
katanya nanti untuk sirekab bakalan dapat hp android.. emang iya ?,Netral
"bg apa bener ya klo misal sirekap 2 uda upload pdf dan uda 100 persen,terus sirekap 1 nya bakal eror pas buat unggah pdfnya,karna datanya uda ke upload dari sirekap 2?",Netral
Sirekap 1 udah pernah 2x. Ditambah kebagian tugas di kpps 2. Menyala sirekap 1 ku,Netral
ku jadi sirekap 1 mana baru prtama ikut kpps,Netral
apalagi pas upload daftar hadir,Netral
Kpps 4+Sirekap1+Operator printer+full nulis C-HasilğŸ˜­,Netral
menjiwai sirekap sya ahwhwhwhw,Netral
hahha iya bnerr bngg,Netral
pernah kepikiran gak sih kalo bisa pakai tripod biar gak gemeteran,Netral
real,Netral
kurang akurat tapi lancarrr woii,Netral
gw sirekap 1,Netral
pake tripod sip,Netral
"baru pertama kali ikut di kpps 3 + sirekap,",Netral
Coba dadi ketua,Netral
saran pake sirekap mode offline dulu kak,Netral
sirekap jaga tintağŸ’…,Netral
"apalagi pas pilpres kmren, kpps 3 + sirekap 1.",Netral
"padahal baru nyoba ikutan KPPS, malah langsung disuruh jadi sirekapğŸ¥º",Netral
"Aplikasi sudah saya coba, masih tahap eksplorasi.",Netral
dah lah begitu,Netral
Belum ada kendala sejauh ini.,Netral
sebenrnya ga ada masalah si aplikasi nya tapi jaringannya woi lemot banget,Netral
Masih dalam proses pembelajaran penggunaan.,Netral
apaandah,Netral
"Baru saja diunduh, belum bisa memberi penilaian.",Netral
hmm,Netral
Tampilan aplikasi cukup sederhana.,Netral
Proses instalasi berjalan lancar.,Netral
Fitur-fitur dasar terlihat sudah tersedia.,Netral
Belum sempat digunakan secara penuh.,Netral
Baru pertama kali menggunakan aplikasi ini.,Netral
"Login berhasil, masih mengecek fungsinya.",Netral
Tidak ada masalah besar saat pemasangan.,Netral
Manual penggunaan cukup jelas.,Netral
UI terlihat standar.,Netral
Ukuran aplikasi tidak terlalu besar.,Netral
Informasi dasar sudah bisa diakses.,Netral
Aplikasi terbuka dengan normal.,Netral
"Baru ikut pelatihan, belum coba semua fitur.",Netral
Fungsi dasar seperti input data bisa dilakukan.,Netral
"Sudah instal, menunggu instruksi selanjutnya.",Netral
Aplikasi perlu digunakan lebih lama untuk bisa menilai.,Netral
Sudah mengikuti prosedur login.,Netral
Proses update berjalan sesuai arahan.,Netral
Belum mencoba saat hari H.,Netral
Beberapa fitur terlihat aktif.,Netral
Layout menu cukup mudah dimengerti.,Netral
Baru menerima informasi soal aplikasi ini.,Netral
Saat ini masih tahap uji coba.,Netral
Belum ada pengalaman signifikan.,Netral
Data bisa diinput tapi belum diuji keseluruhan.,Netral
Terlihat seperti aplikasi resmi dari KPU.,Netral
Menunggu bimtek untuk panduan lebih lanjut.,Netral
Cukup mudah dipasang di perangkat.,Netral
Belum tahu bagaimana performanya saat padat pengguna.,Netral
Baru melihat demo aplikasinya.,Netral
Aplikasi sudah ada di perangkat tapi belum digunakan.,Netral
"Sudah instalasi, belum tahu fungsionalitas lengkap.",Netral
Proses unduh berjalan tanpa masalah.,Netral
Sistem berjalan sesuai panduan awal.,Netral
Sejauh ini belum ada hambatan besar.,Netral
Butuh waktu untuk memahami semua fiturnya.,Netral
Aplikasi terlihat lengkap dari sisi fitur.,Netral
Baru memulai latihan menggunakan aplikasi.,Netral
Perlu waktu lebih lama untuk menguji stabilitas.,Netral
Belum mencoba versi terbaru.,Netral
"Login sudah dilakukan, fitur belum dijelajahi.",Netral
Akan digunakan saat hari pemungutan suara.,Netral
Petunjuk instalasi cukup membantu.,Netral
Belum semua fitur saya pahami.,Netral
Dalam tahap menyesuaikan diri dengan sistem.,Netral
"Tidak ada kendala besar sejauh ini, masih dalam pengamatan",Netral
"Aplikasinya cukup membantu, meski kadang masih agak lambat saat dibuka.",Netral
"Aplikasinya berjalan sesuai fungsi, tidak ada yang terlalu menonjol",Netral
"Fitur-fiturnya sudah cukup lengkap, tapi tampilannya perlu disederhanakan.",Netral
"Saya menggunakannya beberapa kali, hasilnya sesuai ekspektasi standar",Netral
"Mudah digunakan, hanya saja kadang ada bug saat unggah data.",Netral
"Pengalaman saya biasa saja, tidak buruk tapi juga tidak istimewa.",Netral
"Instalasi lancar, tapi sering keluar sendiri saat digunakan lama.",Netral
"Sudah sesuai dengan deskripsi, meskipun tidak ada kejutan",Netral
"User interface-nya jelas, walau transisinya terasa berat di beberapa perangkat.",Netral
"Antarmukanya standar, mudah dimengerti namun tidak terlalu menarik",Netral
"Bisa diakses dengan baik, namun terkadang perlu restart agar berjalan normal.",Netral
"Kinerja aplikasi ini cukup stabil, tapi tidak terlalu cepat",Netral
"Cukup berguna, tapi beberapa menu terasa membingungkan.",Netral
"Secara umum berfungsi, tapi belum ada hal yang menonjol.",Netral
"Proses login cepat, hanya saja sering minta update berulang.",Netral
"Saya pakai aplikasi ini, dan sejauh ini cukup memenuhi kebutuhan dasar",Netral
"Notifikasi berjalan baik, tapi fitur reset password belum tersedia.",Netral
"Tidak banyak kendala, namun juga tidak banyak keunggulan",Netral
"Update terbaru membawa perbaikan, meski masih ada kendala kecil saat unggah gambar.",Netral
"Aplikasi ini cukup informatif, meskipun tampilannya biasa saja",Netral
"Informasi di aplikasi cukup akurat, meskipun tampilannya agak kaku.",Netral
"Fungsinya tersedia semua, tapi tidak ada yang terlalu mengesankan.",Netral
"Aplikasi responsif, walau proses sinkronisasi data sedikit lambat.",Netral
Aplikasi ini bekerja dengan baik dalam batasan tertentu,Netral
"Terasa lebih baik dari versi sebelumnya, meski beberapa masalah teknis belum hilang.",Netral
"Saya tidak mengalami masalah besar, tapi juga tidak merasa puas sepenuhnya",Netral
"Panduan sudah tersedia, namun implementasinya masih butuh penyempurnaan.",Netral
Aplikasi ini memenuhi kebutuhan saya tanpa kelebihan atau kekurangan berarti,Netral
"Sudah bisa digunakan untuk latihan, meski masih ada error saat input data tertentu.",Netral
"Instalasi lancar, penggunaan juga cukup jelas",Netral
"Versi baru lebih ringan, tapi install-nya agak rumit di beberapa merek HP.",Netral
"Tidak terlalu bagus, tapi juga tidak mengecewakan",Netral
"Cocok untuk digunakan saat pilkada, meski server kadang tidak stabil.",Netral
Aplikasi ini bekerja sebagaimana mestinya,Netral
"Cukup bisa diandalkan, tapi perlu koneksi yang benar-benar stabil.",Netral
"Tidak ada pengalaman luar biasa, semuanya terasa standar",Netral
"Aplikasi berjalan baik di HP saya, tapi di HP rekan saya sempat crash.",Netral
Saya bisa menyelesaikan tugas saya menggunakan aplikasi ini,Netral
"Sudah login dan bisa akses fitur, hanya saja dokumentasi masih minim.",Netral
"Performa aplikasi sesuai harapan, tidak lebih tidak kurang.",Netral
"Beberapa menu sangat membantu, walau fitur cetak belum tersedia.",Netral
"Tampilan cukup modern, tapi tidak semua ikon langsung dimengerti.",Netral
"Fiturnya lengkap, tapi konsumsi kuotanya cukup tinggi.",Netral
"Navigasi cukup jelas, tapi tidak terlalu interaktif.",Netral
"Selama digunakan, tidak ada kendala besar maupun keunggulan menonjol",Netral
"Fungsi-fungsinya bisa diakses semua, tapi belum optimal",Netral
"Sudah lebih bagus dari versi lama, namun performanya belum stabil.",Netral
"Pengalaman saya cukup datar, tidak terlalu senang atau kesal",Netral
"Aplikasi berfungsi sebagaimana mestinya, meski sesekali freeze.",Netral
"Sesuai dengan kegunaannya, walau masih ada ruang untuk perbaikan.",Netral
"Bisa diakses dengan lancar, hanya saja verifikasi email lama masuk.",Netral
Pengalaman yang saya dapatkan terasa netral saja,Netral
"Sudah mendukung semua tugas KPPS, tapi kadang force close saat unggah dokumen.",Netral
"Tidak ada kelebihan, tapi juga tidak ada gangguan berarti.",Netral
"Aplikasi cocok untuk pemula, namun dokumentasinya kurang rinci.",Netral
"Semua fitur bisa digunakan, tapi kurang inovatif.",Netral
"Akses cepat, meski masih ada kendala saat kirim data.",Netral
"Dari segi performa, tidak cepat tapi juga tidak lambat",Netral
"Fitur kirim data bagus, hanya saja masih butuh validasi ulang.",Netral
"Saya bisa menggunakannya dengan baik, meskipun tampilannya agak sederhana",Netral
"Menunya mudah dipahami, tapi kadang responnya terlambat.",Netral
"Tidak buruk, hanya saja tidak meninggalkan kesan apa pun",Netral
"Aplikasi sesuai fungsi, tapi kadang stuck di halaman utama.",Netral
"Tidak ada masalah teknis, namun juga tidak terasa menyenangkan.",Netral
"Cukup praktis digunakan, hanya saja tidak semua tipe HP mendukung.",Netral
"Bekerja sebagaimana mestinya, tapi tidak memiliki nilai tambah.",Netral
"Tampilan bagus, namun transisinya belum halus.",Netral
Aplikasi ini menjalankan fungsinya tanpa hambatan besar,Netral
"Penggunaan aplikasi cukup lancar, meskipun kadang harus login ulang.",Netral
"Semua fitur standar tersedia, tidak lebih.",Netral
"Versi ini lebih ringan, tapi fitur lupa password masih belum ada.",Netral
"Desainnya biasa, tidak menarik tapi juga tidak membingungkan",Netral
"Proses input mudah, walau butuh waktu untuk simpan data.",Netral
"Tidak mengalami kendala berarti, namun juga tidak terlalu membantu",Netral
"Cukup baik untuk digunakan, hanya saja perlu lebih stabil.",Netral
Fungsi-fungsi berjalan sesuai ekspektasi minimal,Netral
"Bisa digunakan untuk pelaporan, walau aplikasi kadang tertutup sendiri.",Netral
"Digunakan tanpa hambatan, tapi tidak memberikan pengalaman baru.",Netral
"Tools-nya bermanfaat, tapi masih sering muncul error code.",Netral
"Terkesan cukup aman dan stabil, meskipun tidak istimewa.",Netral
"Cocok digunakan saat pelatihan, meski belum maksimal untuk hari H.",Netral
Hasil penggunaannya sesuai harapan dasar.,Netral
"Sudah tersedia panduan, namun tidak semua jelas untuk pengguna baru.",Netral
Cukup fungsional untuk keperluan sederhana,Netral
"Login berhasil, tapi aplikasi terkadang kembali ke halaman awal.",Netral
"Aplikasi ini cukup reliable, meski tidak ada hal unik",Netral
"Fungsi kamera aktif, meski hasil fotonya kadang buram di mode malam.",Netral
"Cukup baik sebagai alat bantu, namun tidak ada fitur unggulan",Netral
"Instalasi lancar, walau memori HP cepat penuh setelah update.",Netral
Tampilan dan fitur sesuai standar aplikasi sejenis.,Netral
"Cukup stabil saat digunakan sendiri, tapi lag saat ramai pengguna.",Netral
"Aplikasi berjalan stabil, tapi kurang memikat",Netral
"Desain cukup bersih, namun performa kadang tidak responsif.",Netral
"Semua fitur bisa diakses, namun tampilannya membosankan.",Netral
"Aplikasi memenuhi kebutuhan dasar, hanya saja fitur tambahan belum optimal.",Netral
"Saya tidak menemukan masalah berarti, namun juga tidak merasa puas.",Netral
"Tampak lebih baik dari sebelumnya, walau masih kurang cepat responsnya.",Netral
"Fungsi-fungsi dasar berjalan baik, tidak lebih.",Netral
"Fiturnya sudah sesuai, namun update-nya terlalu sering dan memakan waktu.",Netral
"Digunakan sesuai prosedur, hasilnya juga sesuai ekspektasi umum.",Netral
"Aplikasinya mudah diunduh, tapi butuh waktu lama saat dibuka.",Netral
"Fitur-fiturnya lengkap, walau tampilannya agak membingungkan.",Netral
"Cukup membantu, meski kadang lambat saat diakses.",Netral
"Desain menarik, hanya saja performanya tidak selalu stabil.",Netral
"Tidak terlalu buruk, tapi juga belum bisa dibilang bagus.",Netral
"Tampilan bagus, sayangnya beberapa fitur tidak responsif.",Netral
"Navigasinya jelas, namun masih kurang cepat.",Netral
Ada beberapa hal yang saya suka dan beberapa yang tidak.,Netral
"Bisa digunakan, tapi tidak selalu berjalan lancar.",Netral
"Tidak ada masalah besar, tapi juga tidak ada kelebihan mencolok.",Netral
"Aplikasi ini cukup intuitif, meskipun kadang error muncul.",Netral
"Membantu untuk hal-hal tertentu, namun kurang fleksibel.",Netral
Mudah digunakan tapi kadang keluar sendiri.,Netral
"Proses login cepat, tapi beberapa menu agak lambat terbuka.",Netral
"Cukup stabil, walau pernah crash sekali.",Netral
"Aplikasi ini memiliki potensi, hanya perlu sedikit perbaikan.",Netral
"Saya bisa menggunakannya dengan baik, meski tidak selalu akurat.",Netral
"Informasi yang disajikan cukup berguna, tapi belum lengkap.",Netral
"Lumayan praktis, meskipun tampilannya biasa saja.",Netral
"Ada kelebihan dan kekurangan, seimbang.",Netral
"Bisa dipakai sehari-hari, tapi tidak ada fitur tambahan.",Netral
"Memenuhi kebutuhan dasar, tapi tidak menawarkan hal baru.",Netral
Pengalaman pengguna cukup baik secara umum.,Netral
"Tidak mengecewakan, namun juga tidak mengesankan.",Netral
"Bisa digunakan dengan lancar, kecuali saat jaringan buruk.",Netral
"Penggunaan mudah, tapi tampilannya terasa usang.",Netral
"Saya tidak mengalami masalah, tapi juga tidak merasa terbantu sepenuhnya.",Netral
"Cukup baik, hanya kurang konsisten.",Netral
"Fitur utama bekerja, sisanya perlu ditingkatkan.",Netral
"Tidak terlalu cepat, tapi tidak terlalu lambat juga.",Netral
"Beberapa bagian aplikasi bagus, sisanya standar.",Netral
"Tersedia semua menu yang dibutuhkan, meski tampilannya kurang menarik.",Netral
"Waktu respon biasa saja, tidak buruk tapi juga bukan yang terbaik.",Netral
"Cukup fungsional, walaupun tidak efisien.",Netral
"Bisa menyelesaikan tugas saya, meskipun memerlukan waktu lebih.",Netral
"Sudah sesuai harapan minimal, tapi tidak lebih dari itu.",Netral
"Saya bisa mengandalkannya sesekali, tapi tidak setiap waktu.",Netral
"Interface cukup jelas, hanya saja kurang modern.",Netral
"Membantu, tapi kadang membingungkan juga.",Netral
"Tidak terlalu kompleks, namun ada yang kurang intuitif.",Netral
Bisa dipakai untuk pekerjaan ringan.,Netral
"Secara keseluruhan oke, tapi ada ruang perbaikan.",Netral
"Penggunaan pertama cukup baik, penggunaan selanjutnya biasa saja.",Netral
"Tidak terlalu buruk, namun kurang konsisten antar versi.",Netral
"Sudah bagus untuk versi awal, walau masih bisa dikembangkan.",Netral
"Performa stabil, namun terlalu banyak iklan.",Netral
"Mudah diakses, tapi fitur terbatas.",Netral
"Bisa digunakan kapan saja, tapi tidak bisa diandalkan untuk kebutuhan berat.",Netral
"Cukup bermanfaat, walau sesekali lambat.",Netral
"Tampak modern, tapi belum maksimal fiturnya.",Netral
"Tidak menyulitkan, walaupun belum nyaman digunakan.",Netral
"Instalasi mudah, tapi butuh waktu adaptasi.",Netral
"Tidak membuat frustrasi, meski juga tidak menyenangkan.",Netral
"Saya merasa cukup terbantu, meskipun tidak sepenuhnya.",Netral
Aplikasi ini bisa diandalkan kadang-kadang saja.,Netral
"Interface sederhana, tapi tidak interaktif.",Netral
"Sering digunakan, namun hanya untuk fitur tertentu.",Netral
"Tidak menimbulkan masalah besar, namun juga tidak menonjol.",Netral
Informasi pada aplikasi ini tersampaikan dengan sangat jelas dan akurat,Positif
"Beberapa fungsi bermanfaat, sisanya kurang terpakai dan pemborosan sekali:(",Negatif